,document,element,Frequency
0,1990,HIV_AIDS,-0.0033616386602331443
1,1991,HIV_AIDS,-0.0024000926750690835
2,1992,HIV_AIDS,-0.0015663752459713588
3,1993,HIV_AIDS,-0.0009188617119143525
4,1994,HIV_AIDS,-0.0004650889603030838
5,1995,HIV_AIDS,-0.00015146559703321425
6,1996,HIV_AIDS,-2.316264234167374e-05
7,1997,HIV_AIDS,1.7486336420068224e-06
8,1998,HIV_AIDS,6.337257177253548e-05
9,1999,HIV_AIDS,0.00020266839383096744
10,2000,HIV_AIDS,0.00038412001561047987
11,2001,HIV_AIDS,0.0005757810404576455
12,2002,HIV_AIDS,0.0007327357113572734
13,2003,HIV_AIDS,0.0008714754181114222
14,2004,HIV_AIDS,0.0009436095835455224
15,2005,HIV_AIDS,0.0008883310504816024
16,2006,HIV_AIDS,0.0007399274815046565
17,2007,HIV_AIDS,0.0005091426171806948
18,2008,HIV_AIDS,0.0002697585375321136
19,2009,HIV_AIDS,0.0001333614239436003
20,2010,HIV_AIDS,4.0096426856926206e-05
21,2011,HIV_AIDS,4.581920635944245e-06
22,2012,HIV_AIDS,-7.092388076875803e-06
23,2013,HIV_AIDS,-5.031654569383258e-05
24,2014,HIV_AIDS,-0.00011061859827163952
25,2015,HIV_AIDS,-0.0001877739560935982
26,2016,HIV_AIDS,-0.00026268953205033584
27,2017,HIV_AIDS,-0.0003846578931014895
28,2018,HIV_AIDS,-0.0005621345723316891
29,2019,HIV_AIDS,-0.0006937097624866249
30,1990,Diarrheal_diseases,0.00139438910030218
31,1991,Diarrheal_diseases,0.0013178003156540776
32,1992,Diarrheal_diseases,0.0011666138879579731
33,1993,Diarrheal_diseases,0.0008809537391513116
34,1994,Diarrheal_diseases,0.0006354374388789384
35,1995,Diarrheal_diseases,0.0005143238659748115
36,1996,Diarrheal_diseases,0.0004056768444949221
37,1997,Diarrheal_diseases,0.00032338637531268994
38,1998,Diarrheal_diseases,0.0002501524925032201
39,1999,Diarrheal_diseases,0.00016268705532271506
40,2000,Diarrheal_diseases,9.506897558300177e-05
41,2001,Diarrheal_diseases,4.414212574901932e-05
42,2002,Diarrheal_diseases,9.283561600457774e-06
43,2003,Diarrheal_diseases,-3.154394604848882e-08
44,2004,Diarrheal_diseases,-1.3476613901858715e-05
45,2005,Diarrheal_diseases,-3.3752731252891096e-05
46,2006,Diarrheal_diseases,-3.846594175366193e-05
47,2007,Diarrheal_diseases,-5.934116098980707e-05
48,2008,Diarrheal_diseases,-0.00010206845399530345
49,2009,Diarrheal_diseases,-0.00015862626678448451
50,2010,Diarrheal_diseases,-0.0002417157380202985
51,2011,Diarrheal_diseases,-0.00027726867276272726
52,2012,Diarrheal_diseases,-0.0003966856837724431
53,2013,Diarrheal_diseases,-0.0005065642372872629
54,2014,Diarrheal_diseases,-0.0006663330045162388
55,2015,Diarrheal_diseases,-0.0008292942437265602
56,2016,Diarrheal_diseases,-0.000978296275317445
57,2017,Diarrheal_diseases,-0.0010411960277349483
58,2018,Diarrheal_diseases,-0.001280838657799886
59,2019,Diarrheal_diseases,-0.0015087213555670474
60,1990,Lower_respiratory_infections,0.0009448597403745101
61,1991,Lower_respiratory_infections,0.0007871183760312841
62,1992,Lower_respiratory_infections,0.0006846093426028073
63,1993,Lower_respiratory_infections,0.0005381097002666287
64,1994,Lower_respiratory_infections,0.00037457323251926123
65,1995,Lower_respiratory_infections,0.00032459630610428116
66,1996,Lower_respiratory_infections,0.00024464609180122054
67,1997,Lower_respiratory_infections,0.00017606762221295067
68,1998,Lower_respiratory_infections,0.00011352393531077016
69,1999,Lower_respiratory_infections,5.7475642259351796e-05
70,2000,Lower_respiratory_infections,2.242341321444035e-05
71,2001,Lower_respiratory_infections,2.7478526075189213e-06
72,2002,Lower_respiratory_infections,-8.684895393268604e-07
73,2003,Lower_respiratory_infections,-8.621816557362522e-06
74,2004,Lower_respiratory_infections,-2.6728432485489863e-05
75,2005,Lower_respiratory_infections,-4.0992596823824414e-05
76,2006,Lower_respiratory_infections,-5.255178105632559e-05
77,2007,Lower_respiratory_infections,-7.152957081054973e-05
78,2008,Lower_respiratory_infections,-0.00010390381251159818
79,2009,Lower_respiratory_infections,-0.00012016148174947942
80,2010,Lower_respiratory_infections,-0.00016707280260625174
81,2011,Lower_respiratory_infections,-0.00018422345376855947
82,2012,Lower_respiratory_infections,-0.0001956871298719352
83,2013,Lower_respiratory_infections,-0.00020166524773847574
84,2014,Lower_respiratory_infections,-0.00022523396955268166
85,2015,Lower_respiratory_infections,-0.00025742421117420445
86,2016,Lower_respiratory_infections,-0.00030741443760094744
87,2017,Lower_respiratory_infections,-0.00037532350542926647
88,2018,Lower_respiratory_infections,-0.0004297829071348534
89,2019,Lower_respiratory_infections,-0.00047892282211999416
90,1990,Nutritional_deficiencies,0.0008186305721466051
91,1991,Nutritional_deficiencies,0.0006704486457189884
92,1992,Nutritional_deficiencies,0.0005417579604631705
93,1993,Nutritional_deficiencies,0.00041688642930266264
94,1994,Nutritional_deficiencies,0.0003038438373935493
95,1995,Nutritional_deficiencies,0.0005261238194735559
96,1996,Nutritional_deficiencies,0.0003600798343437995
97,1997,Nutritional_deficiencies,0.0002802417508600678
98,1998,Nutritional_deficiencies,0.00020210801373007903
99,1999,Nutritional_deficiencies,0.00013186352474224658
100,2000,Nutritional_deficiencies,8.257308756030163e-05
101,2001,Nutritional_deficiencies,4.419552844550298e-05
102,2002,Nutritional_deficiencies,1.6877174855040164e-05
103,2003,Nutritional_deficiencies,-2.510425978001382e-05
104,2004,Nutritional_deficiencies,-5.454910047574446e-05
105,2005,Nutritional_deficiencies,-8.566848969038547e-05
106,2006,Nutritional_deficiencies,-0.00011119879724763864
107,2007,Nutritional_deficiencies,-0.00014688114362540743
108,2008,Nutritional_deficiencies,-0.0001894692494041933
109,2009,Nutritional_deficiencies,-0.00022334585464534886
110,2010,Nutritional_deficiencies,-0.000236235913231351
111,2011,Nutritional_deficiencies,-0.0002621826022087797
112,2012,Nutritional_deficiencies,-0.00032580345241898655
113,2013,Nutritional_deficiencies,-0.0003604918302492579
114,2014,Nutritional_deficiencies,-0.0003979345321829266
115,2015,Nutritional_deficiencies,-0.0004384876044983095
116,2016,Nutritional_deficiencies,-0.00047707108526580605
117,2017,Nutritional_deficiencies,-0.0005169858298770336
118,2018,Nutritional_deficiencies,-0.0005858179767940241
119,2019,Nutritional_deficiencies,-0.00064550370235313
120,1990,Neonatal_disorders,0.0007761928234513715
121,1991,Neonatal_disorders,0.0006451043560446908
122,1992,Neonatal_disorders,0.0005519764802137559
123,1993,Neonatal_disorders,0.0004317004670526363
124,1994,Neonatal_disorders,0.0003031535875509424
125,1995,Neonatal_disorders,0.00027497823380395357
126,1996,Neonatal_disorders,0.0002265732806888644
127,1997,Neonatal_disorders,0.00017931082854783778
128,1998,Neonatal_disorders,0.0001352667640512474
129,1999,Neonatal_disorders,8.73800965244967e-05
130,2000,Neonatal_disorders,5.6298923718798915e-05
131,2001,Neonatal_disorders,3.275754748944854e-05
132,2002,Neonatal_disorders,1.5778922208692587e-05
133,2003,Neonatal_disorders,7.665339286166886e-06
134,2004,Neonatal_disorders,2.2071587996499173e-06
135,2005,Neonatal_disorders,-2.2145965556076227e-09
136,2006,Neonatal_disorders,-9.420400972220977e-07
137,2007,Neonatal_disorders,-6.431737277545757e-06
138,2008,Neonatal_disorders,-2.492445407029759e-05
139,2009,Neonatal_disorders,-3.759868084357901e-05
140,2010,Neonatal_disorders,-7.876160152901638e-05
141,2011,Neonatal_disorders,-0.00011240958964280805
142,2012,Neonatal_disorders,-0.00015964679052376304
143,2013,Neonatal_disorders,-0.00021966118091660452
144,2014,Neonatal_disorders,-0.0003185580136955608
145,2015,Neonatal_disorders,-0.00044131785324112195
146,2016,Neonatal_disorders,-0.0006337357005488185
147,2017,Neonatal_disorders,-0.0008598306384693128
148,2018,Neonatal_disorders,-0.0011204994379020684
149,2019,Neonatal_disorders,-0.0013877767750076668
150,1990,Protein_energy_malnutrition,0.0006958659121982613
151,1991,Protein_energy_malnutrition,0.0005649661775263548
152,1992,Protein_energy_malnutrition,0.0004539104642595276
153,1993,Protein_energy_malnutrition,0.0003500866702845387
154,1994,Protein_energy_malnutrition,0.0002571638087197929
155,1995,Protein_energy_malnutrition,0.000493395976042939
156,1996,Protein_energy_malnutrition,0.00033590986200285225
157,1997,Protein_energy_malnutrition,0.00026335933035781913
158,1998,Protein_energy_malnutrition,0.0001947617141120526
159,1999,Protein_energy_malnutrition,0.0001332284387581277
160,2000,Protein_energy_malnutrition,8.720205404487457e-05
161,2001,Protein_energy_malnutrition,4.982734085736177e-05
162,2002,Protein_energy_malnutrition,2.266696583941893e-05
163,2003,Protein_energy_malnutrition,-2.0403707197909284e-05
164,2004,Protein_energy_malnutrition,-4.513864927618269e-05
165,2005,Protein_energy_malnutrition,-7.277610953964632e-05
166,2006,Protein_energy_malnutrition,-9.723100430429827e-05
167,2007,Protein_energy_malnutrition,-0.00013082388155435042
168,2008,Protein_energy_malnutrition,-0.0001715931802836882
169,2009,Protein_energy_malnutrition,-0.00020261526987610883
170,2010,Protein_energy_malnutrition,-0.0002126543881682579
171,2011,Protein_energy_malnutrition,-0.00023842262828151662
172,2012,Protein_energy_malnutrition,-0.000302682010926062
173,2013,Protein_energy_malnutrition,-0.00033527751835730297
174,2014,Protein_energy_malnutrition,-0.0003713550979717751
175,2015,Protein_energy_malnutrition,-0.00040890089929674473
176,2016,Protein_energy_malnutrition,-0.0004452751461022071
177,2017,Protein_energy_malnutrition,-0.00048412274081244136
178,2018,Protein_energy_malnutrition,-0.0005502414553480892
179,2019,Protein_energy_malnutrition,-0.0006064454276726579
180,1990,Neoplasms,-0.0006887669084989327
181,1991,Neoplasms,-0.0006292890965449187
182,1992,Neoplasms,-0.0005350789366147879
183,1993,Neoplasms,-0.0004524494272066101
184,1994,Neoplasms,-0.00045995661754325966
185,1995,Neoplasms,-0.0003526815921636832
186,1996,Neoplasms,-0.0002929590939963287
187,1997,Neoplasms,-0.00025584415551859526
188,1998,Neoplasms,-0.00021085703948887317
189,1999,Neoplasms,-0.00016514579121090518
190,2000,Neoplasms,-0.00011726910510823519
191,2001,Neoplasms,-8.785773101360446e-05
192,2002,Neoplasms,-6.264476749687177e-05
193,2003,Neoplasms,-3.2079759773460254e-05
194,2004,Neoplasms,-1.4275951102820207e-05
195,2005,Neoplasms,-1.926796893512246e-06
196,2006,Neoplasms,4.6614427241421113e-07
197,2007,Neoplasms,1.0311406041042847e-05
198,2008,Neoplasms,2.3692775493161728e-05
199,2009,Neoplasms,7.338651883754274e-05
200,2010,Neoplasms,0.0001029993851443642
201,2011,Neoplasms,0.00017056135077000382
202,2012,Neoplasms,0.00023559967889131596
203,2013,Neoplasms,0.0002935200703971276
204,2014,Neoplasms,0.000369622306564581
205,2015,Neoplasms,0.0004578363815399807
206,2016,Neoplasms,0.0005607708311540643
207,2017,Neoplasms,0.0006658605404643997
208,2018,Neoplasms,0.000792132488337682
209,2019,Neoplasms,0.0009364594979419973
210,1990,Alzheimer_s_disease_and_other_dementias,-0.000559134331706913
211,1991,Alzheimer_s_disease_and_other_dementias,-0.0004990762164016581
212,1992,Alzheimer_s_disease_and_other_dementias,-0.00043722920414474573
213,1993,Alzheimer_s_disease_and_other_dementias,-0.00039252450899022193
214,1994,Alzheimer_s_disease_and_other_dementias,-0.00036627778462812303
215,1995,Alzheimer_s_disease_and_other_dementias,-0.00030281507741006654
216,1996,Alzheimer_s_disease_and_other_dementias,-0.0002534149863226943
217,1997,Alzheimer_s_disease_and_other_dementias,-0.00021863089632911362
218,1998,Alzheimer_s_disease_and_other_dementias,-0.00018701710579244147
219,1999,Alzheimer_s_disease_and_other_dementias,-0.0001615515477701075
220,2000,Alzheimer_s_disease_and_other_dementias,-0.00013036167738653516
221,2001,Alzheimer_s_disease_and_other_dementias,-9.785342767714366e-05
222,2002,Alzheimer_s_disease_and_other_dementias,-7.04480817886765e-05
223,2003,Alzheimer_s_disease_and_other_dementias,-4.3666449615948895e-05
224,2004,Alzheimer_s_disease_and_other_dementias,-2.2942816914737433e-05
225,2005,Alzheimer_s_disease_and_other_dementias,-7.901215450137919e-06
226,2006,Alzheimer_s_disease_and_other_dementias,-1.2617288498621915e-07
227,2007,Alzheimer_s_disease_and_other_dementias,3.826115183558777e-06
228,2008,Alzheimer_s_disease_and_other_dementias,1.3965851416918148e-05
229,2009,Alzheimer_s_disease_and_other_dementias,4.285039366095744e-05
230,2010,Alzheimer_s_disease_and_other_dementias,7.230185303948962e-05
231,2011,Alzheimer_s_disease_and_other_dementias,0.00012107170048982689
232,2012,Alzheimer_s_disease_and_other_dementias,0.0001759347590958799
233,2013,Alzheimer_s_disease_and_other_dementias,0.00023450556235725308
234,2014,Alzheimer_s_disease_and_other_dementias,0.00030265878818497034
235,2015,Alzheimer_s_disease_and_other_dementias,0.000368278941205349
236,2016,Alzheimer_s_disease_and_other_dementias,0.00045549513841091965
237,2017,Alzheimer_s_disease_and_other_dementias,0.0005524465227906084
238,2018,Alzheimer_s_disease_and_other_dementias,0.0006370115280045574
239,2019,Alzheimer_s_disease_and_other_dementias,0.0007080584802438366
240,1990,Cardiovascular_diseases,-0.0004439673183884423
241,1991,Cardiovascular_diseases,-0.00043774820747067254
242,1992,Cardiovascular_diseases,-0.0003605399153105097
243,1993,Cardiovascular_diseases,-0.00026047579344845237
244,1994,Cardiovascular_diseases,-0.000294010006045807
245,1995,Cardiovascular_diseases,-0.00023532782131272228
246,1996,Cardiovascular_diseases,-0.00021299945129410643
247,1997,Cardiovascular_diseases,-0.0002002480585939258
248,1998,Cardiovascular_diseases,-0.0001959478391831979
249,1999,Cardiovascular_diseases,-0.00015558333566950428
250,2000,Cardiovascular_diseases,-0.00010970956730047086
251,2001,Cardiovascular_diseases,-6.963503911228521e-05
252,2002,Cardiovascular_diseases,-3.233669727508749e-05
253,2003,Cardiovascular_diseases,-1.1849108365414272e-05
254,2004,Cardiovascular_diseases,-1.48933885123991e-05
255,2005,Cardiovascular_diseases,-1.4017133829953045e-06
256,2006,Cardiovascular_diseases,-2.061821818526838e-07
257,2007,Cardiovascular_diseases,1.3626049314711041e-06
258,2008,Cardiovascular_diseases,6.887386505683053e-06
259,2009,Cardiovascular_diseases,3.525141333920578e-05
260,2010,Cardiovascular_diseases,6.064323469793815e-05
261,2011,Cardiovascular_diseases,0.00011728674022250859
262,2012,Cardiovascular_diseases,0.00016982914982201485
263,2013,Cardiovascular_diseases,0.00022657065719647578
264,2014,Cardiovascular_diseases,0.0002804928486526137
265,2015,Cardiovascular_diseases,0.0003745456967449885
266,2016,Cardiovascular_diseases,0.00046116844938401923
267,2017,Cardiovascular_diseases,0.0005465989632803554
268,2018,Cardiovascular_diseases,0.0006640685922023343
269,2019,Cardiovascular_diseases,0.0007778402755729084
270,1990,Tuberculosis,0.0004294044653384002
271,1991,Tuberculosis,0.00040517969186751063
272,1992,Tuberculosis,0.00041506269748377853
273,1993,Tuberculosis,0.00030402866588421715
274,1994,Tuberculosis,0.0002140376746677811
275,1995,Tuberculosis,0.00019401518676884656
276,1996,Tuberculosis,0.00016452578485308747
277,1997,Tuberculosis,0.00015506479291287198
278,1998,Tuberculosis,0.00013658349370295505
279,1999,Tuberculosis,0.00010904118380384393
280,2000,Tuberculosis,9.125993783481719e-05
281,2001,Tuberculosis,5.616855792451919e-05
282,2002,Tuberculosis,2.6196101086143394e-05
283,2003,Tuberculosis,8.948480184323778e-06
284,2004,Tuberculosis,7.86705199841592e-09
285,2005,Tuberculosis,-2.4753727804946435e-06
286,2006,Tuberculosis,-8.673620017643621e-06
287,2007,Tuberculosis,-2.0247765164859463e-05
288,2008,Tuberculosis,-4.2652727833662816e-05
289,2009,Tuberculosis,-6.947038340068389e-05
290,2010,Tuberculosis,-0.00012395756339341553
291,2011,Tuberculosis,-0.0001646450893530065
292,2012,Tuberculosis,-0.00018994900663134632
293,2013,Tuberculosis,-0.0002186662669351109
294,2014,Tuberculosis,-0.0002525616818160295
295,2015,Tuberculosis,-0.0003267357831222722
296,2016,Tuberculosis,-0.00038523402229118835
297,2017,Tuberculosis,-0.0004461632421810151
298,2018,Tuberculosis,-0.000549477236729286
299,2019,Tuberculosis,-0.00066089356967329
300,1990,Diabetes_mellitus,-0.0003594478804665063
301,1991,Diabetes_mellitus,-0.0003297017893205173
302,1992,Diabetes_mellitus,-0.0002857113891813043
303,1993,Diabetes_mellitus,-0.0002508513296573692
304,1994,Diabetes_mellitus,-0.00023486776275083616
305,1995,Diabetes_mellitus,-0.0001885281257728924
306,1996,Diabetes_mellitus,-0.000146582725332743
307,1997,Diabetes_mellitus,-0.000111322599805891
308,1998,Diabetes_mellitus,-8.510658958792009e-05
309,1999,Diabetes_mellitus,-6.84425354710831e-05
310,2000,Diabetes_mellitus,-4.9535647808840824e-05
311,2001,Diabetes_mellitus,-3.1426760040183005e-05
312,2002,Diabetes_mellitus,-1.6029346123372238e-05
313,2003,Diabetes_mellitus,-6.0797576124106125e-06
314,2004,Diabetes_mellitus,-2.703652272858587e-06
315,2005,Diabetes_mellitus,-5.189461230803944e-10
316,2006,Diabetes_mellitus,1.8687230993683632e-06
317,2007,Diabetes_mellitus,6.4420204047418105e-06
318,2008,Diabetes_mellitus,1.1809150602697896e-05
319,2009,Diabetes_mellitus,2.3480033050732384e-05
320,2010,Diabetes_mellitus,2.9964745895127726e-05
321,2011,Diabetes_mellitus,5.277167781797998e-05
322,2012,Diabetes_mellitus,8.30660417026534e-05
323,2013,Diabetes_mellitus,0.00011756515740836936
324,2014,Diabetes_mellitus,0.00015992460196148205
325,2015,Diabetes_mellitus,0.00020118075344346107
326,2016,Diabetes_mellitus,0.0002520655837226185
327,2017,Diabetes_mellitus,0.0002997872241734989
328,2018,Diabetes_mellitus,0.00034427844214271084
329,2019,Diabetes_mellitus,0.00038687607701047176
330,1990,Chronic_kidney_disease,-0.0003492273698415386
331,1991,Chronic_kidney_disease,-0.00033358795371891416
332,1992,Chronic_kidney_disease,-0.0003020768235427486
333,1993,Chronic_kidney_disease,-0.0002838203006908075
334,1994,Chronic_kidney_disease,-0.00027403549592306146
335,1995,Chronic_kidney_disease,-0.00022971653893058943
336,1996,Chronic_kidney_disease,-0.0001891473547871855
337,1997,Chronic_kidney_disease,-0.00014914039496869455
338,1998,Chronic_kidney_disease,-0.00011401785378429576
339,1999,Chronic_kidney_disease,-8.977282550652545e-05
340,2000,Chronic_kidney_disease,-6.256930347302205e-05
341,2001,Chronic_kidney_disease,-4.123415482946405e-05
342,2002,Chronic_kidney_disease,-2.4567537962688797e-05
343,2003,Chronic_kidney_disease,-1.1650919463401235e-05
344,2004,Chronic_kidney_disease,-5.488463878264955e-06
345,2005,Chronic_kidney_disease,-3.1750248328838056e-07
346,2006,Chronic_kidney_disease,1.4105667439972744e-06
347,2007,Chronic_kidney_disease,8.008818120744702e-06
348,2008,Chronic_kidney_disease,1.7410825831422816e-05
349,2009,Chronic_kidney_disease,3.707770309038891e-05
350,2010,Chronic_kidney_disease,5.410940116690394e-05
351,2011,Chronic_kidney_disease,8.802205441298875e-05
352,2012,Chronic_kidney_disease,0.00012058521856123387
353,2013,Chronic_kidney_disease,0.00015917882692862155
354,2014,Chronic_kidney_disease,0.00019481806387961105
355,2015,Chronic_kidney_disease,0.0002333157614432574
356,2016,Chronic_kidney_disease,0.0002759354378303949
357,2017,Chronic_kidney_disease,0.0003013908246724353
358,2018,Chronic_kidney_disease,0.0003311575722092829
359,2019,Chronic_kidney_disease,0.00036162216790956324
360,1990,Drowning,0.00024505403899614656
361,1991,Drowning,0.0002115600446013202
362,1992,Drowning,0.00018134721755541444
363,1993,Drowning,0.00015947592058198636
364,1994,Drowning,0.00013273584081220538
365,1995,Drowning,0.00012007946938693984
366,1996,Drowning,9.025755063722977e-05
367,1997,Drowning,6.798862789537084e-05
368,1998,Drowning,5.347327675061684e-05
369,1999,Drowning,3.42589681061539e-05
370,2000,Drowning,2.1147967388338983e-05
371,2001,Drowning,1.0095261013633346e-05
372,2002,Drowning,1.9328208673454047e-06
373,2003,Drowning,-5.076230508438011e-08
374,2004,Drowning,-1.7894826739246929e-06
375,2005,Drowning,-4.486623164224647e-06
376,2006,Drowning,-1.1269613315873379e-05
377,2007,Drowning,-1.8174821897588486e-05
378,2008,Drowning,-2.95866686574725e-05
379,2009,Drowning,-3.810313839574999e-05
380,2010,Drowning,-5.1522746329471015e-05
381,2011,Drowning,-6.819077048197616e-05
382,2012,Drowning,-8.093845475202587e-05
383,2013,Drowning,-0.00010403691429071752
384,2014,Drowning,-0.0001291172069501803
385,2015,Drowning,-0.00014877996839473477
386,2016,Drowning,-0.00017166264098142858
387,2017,Drowning,-0.00020077340264230178
388,2018,Drowning,-0.0002178192348517837
389,2019,Drowning,-0.00024214066886742115
390,1990,Meningitis,0.0001507175566685051
391,1991,Meningitis,0.0001300382931570161
392,1992,Meningitis,0.00011697066843885796
393,1993,Meningitis,9.220636692925006e-05
394,1994,Meningitis,6.455683893862431e-05
395,1995,Meningitis,5.857123597405008e-05
396,1996,Meningitis,6.805115769334218e-05
397,1997,Meningitis,4.040678560498481e-05
398,1998,Meningitis,2.7962354189114264e-05
399,1999,Meningitis,2.0179774035974582e-05
400,2000,Meningitis,1.4182863221799929e-05
401,2001,Meningitis,8.421284377236297e-06
402,2002,Meningitis,3.074974885679797e-06
403,2003,Meningitis,1.6155723918200759e-06
404,2004,Meningitis,2.9886635817513756e-07
405,2005,Meningitis,3.5539431808622875e-08
406,2006,Meningitis,6.709037620063626e-10
407,2007,Meningitis,-4.300708653127305e-07
408,2008,Meningitis,-4.186406549511494e-06
409,2009,Meningitis,-6.621811761562107e-06
410,2010,Meningitis,-1.5861788414336464e-05
411,2011,Meningitis,-2.9822710213171734e-05
412,2012,Meningitis,-4.823264472513704e-05
413,2013,Meningitis,-6.918991242858428e-05
414,2014,Meningitis,-9.087875543779724e-05
415,2015,Meningitis,-0.00012790133834192244
416,2016,Meningitis,-0.00015210148300545505
417,2017,Meningitis,-0.00019229676351128762
418,2018,Meningitis,-0.00023293940173202865
419,2019,Meningitis,-0.0002667357195646049
420,1990,Parkinson_s_disease,-9.301352767806772e-05
421,1991,Parkinson_s_disease,-8.711454645168762e-05
422,1992,Parkinson_s_disease,-7.930796795080369e-05
423,1993,Parkinson_s_disease,-7.153968213404301e-05
424,1994,Parkinson_s_disease,-6.999617812039735e-05
425,1995,Parkinson_s_disease,-5.892332137670813e-05
426,1996,Parkinson_s_disease,-4.9179830243609916e-05
427,1997,Parkinson_s_disease,-4.0870648042433226e-05
428,1998,Parkinson_s_disease,-3.341780513399392e-05
429,1999,Parkinson_s_disease,-2.7008038718301375e-05
430,2000,Parkinson_s_disease,-1.9795302281972534e-05
431,2001,Parkinson_s_disease,-1.2968495846161197e-05
432,2002,Parkinson_s_disease,-7.48537726304795e-06
433,2003,Parkinson_s_disease,-3.674487278488561e-06
434,2004,Parkinson_s_disease,-1.8040478009095234e-06
435,2005,Parkinson_s_disease,-1.5501811483207398e-07
436,2006,Parkinson_s_disease,2.2741815210122502e-07
437,2007,Parkinson_s_disease,1.88637110843439e-06
438,2008,Parkinson_s_disease,4.7266477162384005e-06
439,2009,Parkinson_s_disease,1.0024882002716221e-05
440,2010,Parkinson_s_disease,1.4531827020978312e-05
441,2011,Parkinson_s_disease,2.261006384184078e-05
442,2012,Parkinson_s_disease,3.1329008634951286e-05
443,2013,Parkinson_s_disease,4.2421966167464345e-05
444,2014,Parkinson_s_disease,5.3360653096225284e-05
445,2015,Parkinson_s_disease,6.167693495858623e-05
446,2016,Parkinson_s_disease,7.164386203680569e-05
447,2017,Parkinson_s_disease,8.17613801605909e-05
448,2018,Parkinson_s_disease,9.489363323252043e-05
449,2019,Parkinson_s_disease,0.00010648171255260575
450,1990,Acute_hepatitis,8.176094099131677e-05
451,1991,Acute_hepatitis,7.315354232864739e-05
452,1992,Acute_hepatitis,6.51411499381924e-05
453,1993,Acute_hepatitis,5.442349184307934e-05
454,1994,Acute_hepatitis,4.149860900526077e-05
455,1995,Acute_hepatitis,3.7116284748011426e-05
456,1996,Acute_hepatitis,2.9377651839434182e-05
457,1997,Acute_hepatitis,2.4970655416134722e-05
458,1998,Acute_hepatitis,1.9552237182753193e-05
459,1999,Acute_hepatitis,1.3841720060144057e-05
460,2000,Acute_hepatitis,9.366535167166596e-06
461,2001,Acute_hepatitis,5.083554594060378e-06
462,2002,Acute_hepatitis,1.3534618820434886e-06
463,2003,Acute_hepatitis,6.981497656791257e-08
464,2004,Acute_hepatitis,-3.934888485114155e-08
465,2005,Acute_hepatitis,-7.373913878918157e-08
466,2006,Acute_hepatitis,-6.181023049286615e-07
467,2007,Acute_hepatitis,-2.3867513872043015e-06
468,2008,Acute_hepatitis,-5.609576804447406e-06
469,2009,Acute_hepatitis,-9.613557159339177e-06
470,2010,Acute_hepatitis,-1.49245749951896e-05
471,2011,Acute_hepatitis,-1.9412394204533582e-05
472,2012,Acute_hepatitis,-2.3392483910748558e-05
473,2013,Acute_hepatitis,-3.626866135897781e-05
474,2014,Acute_hepatitis,-5.3295412761289744e-05
475,2015,Acute_hepatitis,-6.892491330111686e-05
476,2016,Acute_hepatitis,-8.573755404642734e-05
477,2017,Acute_hepatitis,-9.715703462527813e-05
478,2018,Acute_hepatitis,-0.00010835995361237161
479,2019,Acute_hepatitis,-0.00012093805517080067
480,1990,Maternal_disorders,7.85084150468333e-05
481,1991,Maternal_disorders,6.307308070594006e-05
482,1992,Maternal_disorders,6.002353393580012e-05
483,1993,Maternal_disorders,4.25251629152417e-05
484,1994,Maternal_disorders,3.284540028868809e-05
485,1995,Maternal_disorders,2.953967989424407e-05
486,1996,Maternal_disorders,2.505242731518022e-05
487,1997,Maternal_disorders,2.4520635551524646e-05
488,1998,Maternal_disorders,2.164974970678672e-05
489,1999,Maternal_disorders,1.7547311433040353e-05
490,2000,Maternal_disorders,1.3749758372692193e-05
491,2001,Maternal_disorders,8.745925936382606e-06
492,2002,Maternal_disorders,3.6279860878128017e-06
493,2003,Maternal_disorders,9.314908892367184e-07
494,2004,Maternal_disorders,1.2160715670239778e-07
495,2005,Maternal_disorders,6.718721312989595e-09
496,2006,Maternal_disorders,-1.7689232445498423e-07
497,2007,Maternal_disorders,-1.6006748479710959e-06
498,2008,Maternal_disorders,-4.838753769844214e-06
499,2009,Maternal_disorders,-6.362515650483675e-06
500,2010,Maternal_disorders,-1.1347786288627075e-05
501,2011,Maternal_disorders,-1.5893705033242974e-05
502,2012,Maternal_disorders,-2.5224380730732437e-05
503,2013,Maternal_disorders,-3.2181534855423456e-05
504,2014,Maternal_disorders,-4.822740822925663e-05
505,2015,Maternal_disorders,-6.527177713724864e-05
506,2016,Maternal_disorders,-7.981793012213414e-05
507,2017,Maternal_disorders,-9.506080678546862e-05
508,2018,Maternal_disorders,-0.00010535059530649381
509,2019,Maternal_disorders,-0.00011831374250726595
510,1990,Malaria,3.669021386619681e-05
511,1991,Malaria,4.3916764686306644e-05
512,1992,Malaria,3.500718548071779e-05
513,1993,Malaria,2.8736163807349972e-05
514,1994,Malaria,1.3296812542343945e-05
515,1995,Malaria,1.6993592869326527e-05
516,1996,Malaria,2.117612950356415e-05
517,1997,Malaria,3.0426912327397504e-05
518,1998,Malaria,3.1048106410806915e-05
519,1999,Malaria,1.8985155868870608e-05
520,2000,Malaria,9.681682531463467e-06
521,2001,Malaria,2.1971822342963985e-05
522,2002,Malaria,2.6204862265992814e-05
523,2003,Malaria,4.5520318538403944e-05
524,2004,Malaria,4.314239793714485e-05
525,2005,Malaria,2.503510865178697e-05
526,2006,Malaria,2.78407218353273e-05
527,2007,Malaria,2.5970057809565563e-05
528,2008,Malaria,1.5350098308535053e-05
529,2009,Malaria,1.0387230840202145e-05
530,2010,Malaria,4.518782286842306e-06
531,2011,Malaria,-2.3043742142853563e-07
532,2012,Malaria,-2.2594967067469853e-05
533,2013,Malaria,-7.694803613261878e-05
534,2014,Malaria,-0.0001210946724783332
535,2015,Malaria,-0.00017085486082777193
536,2016,Malaria,-0.0002736156205475817
537,2017,Malaria,-0.0003677015576261939
538,2018,Malaria,-0.0003876884685359964
539,2019,Malaria,-0.0003798262351901475
540,1990,Cirrhosis_and_other_chronic_liver_diseases,-3.56065363651683e-05
541,1991,Cirrhosis_and_other_chronic_liver_diseases,-3.4221488797760266e-05
542,1992,Cirrhosis_and_other_chronic_liver_diseases,-2.9450655706582006e-05
543,1993,Cirrhosis_and_other_chronic_liver_diseases,-2.4535581395837948e-05
544,1994,Cirrhosis_and_other_chronic_liver_diseases,-2.570845017465747e-05
545,1995,Cirrhosis_and_other_chronic_liver_diseases,-1.7343975760252504e-05
546,1996,Cirrhosis_and_other_chronic_liver_diseases,-1.387880526738342e-05
547,1997,Cirrhosis_and_other_chronic_liver_diseases,-1.1679605937917959e-05
548,1998,Cirrhosis_and_other_chronic_liver_diseases,-1.0512394085718713e-05
549,1999,Cirrhosis_and_other_chronic_liver_diseases,-9.488994527560933e-06
550,2000,Cirrhosis_and_other_chronic_liver_diseases,-6.497730592677775e-06
551,2001,Cirrhosis_and_other_chronic_liver_diseases,-3.0418505344618845e-06
552,2002,Cirrhosis_and_other_chronic_liver_diseases,-8.788055310691219e-07
553,2003,Cirrhosis_and_other_chronic_liver_diseases,4.435916804238898e-09
554,2004,Cirrhosis_and_other_chronic_liver_diseases,3.3671269461487666e-07
555,2005,Cirrhosis_and_other_chronic_liver_diseases,2.8263055947344573e-06
556,2006,Cirrhosis_and_other_chronic_liver_diseases,5.051531920268035e-06
557,2007,Cirrhosis_and_other_chronic_liver_diseases,7.654656263012091e-06
558,2008,Cirrhosis_and_other_chronic_liver_diseases,8.284782951317336e-06
559,2009,Cirrhosis_and_other_chronic_liver_diseases,1.0035499563255598e-05
560,2010,Cirrhosis_and_other_chronic_liver_diseases,8.885447102924813e-06
561,2011,Cirrhosis_and_other_chronic_liver_diseases,1.1665692617207624e-05
562,2012,Cirrhosis_and_other_chronic_liver_diseases,1.1857610907876903e-05
563,2013,Cirrhosis_and_other_chronic_liver_diseases,1.0444679592250933e-05
564,2014,Cirrhosis_and_other_chronic_liver_diseases,8.950708354558685e-06
565,2015,Cirrhosis_and_other_chronic_liver_diseases,1.081126515341046e-05
566,2016,Cirrhosis_and_other_chronic_liver_diseases,1.2977486506860739e-05
567,2017,Cirrhosis_and_other_chronic_liver_diseases,1.6624536911374974e-05
568,2018,Cirrhosis_and_other_chronic_liver_diseases,1.7134990670384623e-05
569,2019,Cirrhosis_and_other_chronic_liver_diseases,1.7262885816865048e-05
570,1990,Drug_use_disorders,-3.0310553648109346e-05
571,1991,Drug_use_disorders,-1.7476183577765314e-05
572,1992,Drug_use_disorders,-9.523166472729397e-06
573,1993,Drug_use_disorders,-4.862803144896585e-06
574,1994,Drug_use_disorders,-1.9563193976152824e-06
575,1995,Drug_use_disorders,-4.449192430929045e-07
576,1996,Drug_use_disorders,-1.1882547561080711e-07
577,1997,Drug_use_disorders,-8.47044357648482e-08
578,1998,Drug_use_disorders,9.394654752382258e-09
579,1999,Drug_use_disorders,1.193067321766353e-07
580,2000,Drug_use_disorders,4.612469480000783e-07
581,2001,Drug_use_disorders,4.414887182171181e-09
582,2002,Drug_use_disorders,-4.301369833359709e-07
583,2003,Drug_use_disorders,-1.5920442857822838e-06
584,2004,Drug_use_disorders,-2.0174268333972447e-06
585,2005,Drug_use_disorders,-7.306084809234655e-07
586,2006,Drug_use_disorders,-4.985586353095276e-07
587,2007,Drug_use_disorders,-3.8410322758002636e-07
588,2008,Drug_use_disorders,-3.747638709534802e-07
589,2009,Drug_use_disorders,-2.9873357464131514e-07
590,2010,Drug_use_disorders,-2.6795721860092185e-07
591,2011,Drug_use_disorders,-7.006321085417992e-08
592,2012,Drug_use_disorders,-8.680037142620573e-11
593,2013,Drug_use_disorders,3.3797945333122534e-07
594,2014,Drug_use_disorders,1.8565995314107672e-06
595,2015,Drug_use_disorders,5.177575885771329e-06
596,2016,Drug_use_disorders,1.1740462427530478e-05
597,2017,Drug_use_disorders,1.7580676914824464e-05
598,2018,Drug_use_disorders,2.2131305636310825e-05
599,2019,Drug_use_disorders,2.7236512235617077e-05
600,1990,Alcohol_use_disorders,-2.2310417722881887e-05
601,1991,Alcohol_use_disorders,-1.4960069530761986e-05
602,1992,Alcohol_use_disorders,-5.898107851757869e-06
603,1993,Alcohol_use_disorders,-5.169114332852353e-07
604,1994,Alcohol_use_disorders,1.3975471940497628e-07
605,1995,Alcohol_use_disorders,6.881764220363943e-07
606,1996,Alcohol_use_disorders,4.838770842197483e-07
607,1997,Alcohol_use_disorders,1.3258316929030492e-07
608,1998,Alcohol_use_disorders,8.55173598211267e-08
609,1999,Alcohol_use_disorders,4.340874320153321e-07
610,2000,Alcohol_use_disorders,1.6536935365053443e-06
611,2001,Alcohol_use_disorders,3.278439344733735e-06
612,2002,Alcohol_use_disorders,4.872470133918778e-06
613,2003,Alcohol_use_disorders,6.780483920069719e-06
614,2004,Alcohol_use_disorders,7.426466117210848e-06
615,2005,Alcohol_use_disorders,7.6246470324737355e-06
616,2006,Alcohol_use_disorders,5.21935830702403e-06
617,2007,Alcohol_use_disorders,2.923631174324095e-06
618,2008,Alcohol_use_disorders,1.1064429000086934e-06
619,2009,Alcohol_use_disorders,1.9896526300793163e-07
620,2010,Alcohol_use_disorders,-2.7208518846993257e-08
621,2011,Alcohol_use_disorders,-3.555620531299212e-07
622,2012,Alcohol_use_disorders,-9.61785183301576e-07
623,2013,Alcohol_use_disorders,-1.4803774332472193e-06
624,2014,Alcohol_use_disorders,-1.7079617662520228e-06
625,2015,Alcohol_use_disorders,-1.867100456342044e-06
626,2016,Alcohol_use_disorders,-1.9301033376247292e-06
627,2017,Alcohol_use_disorders,-2.2864219800557817e-06
628,2018,Alcohol_use_disorders,-2.0608513590027498e-06
629,2019,Alcohol_use_disorders,-2.058014187006509e-06
630,1990,Digestive_diseases,-1.6804412414894807e-05
631,1991,Digestive_diseases,-1.6781045134684402e-05
632,1992,Digestive_diseases,-1.3470295438531297e-05
633,1993,Digestive_diseases,-1.1954854418498302e-05
634,1994,Digestive_diseases,-1.6893762102160054e-05
635,1995,Digestive_diseases,-1.1302395319413199e-05
636,1996,Digestive_diseases,-9.84585550807451e-06
637,1997,Digestive_diseases,-8.776360313486999e-06
638,1998,Digestive_diseases,-9.049741591827675e-06
639,1999,Digestive_diseases,-9.489006847834152e-06
640,2000,Digestive_diseases,-7.466304149660399e-06
641,2001,Digestive_diseases,-4.641288601041663e-06
642,2002,Digestive_diseases,-2.4853981280199594e-06
643,2003,Digestive_diseases,-5.78870012151074e-07
644,2004,Digestive_diseases,-3.062043924140657e-07
645,2005,Digestive_diseases,2.763538773625486e-07
646,2006,Digestive_diseases,1.4426339432891029e-06
647,2007,Digestive_diseases,2.956484293406569e-06
648,2008,Digestive_diseases,3.0188643876346882e-06
649,2009,Digestive_diseases,4.481490149897368e-06
650,2010,Digestive_diseases,3.6343829059975173e-06
651,2011,Digestive_diseases,6.962488047492833e-06
652,2012,Digestive_diseases,7.926599677489528e-06
653,2013,Digestive_diseases,8.852980142208555e-06
654,2014,Digestive_diseases,8.75356281743872e-06
655,2015,Digestive_diseases,1.1983295384157479e-05
656,2016,Digestive_diseases,1.55968708218905e-05
657,2017,Digestive_diseases,2.1091360974574008e-05
658,2018,Digestive_diseases,2.1673606059078514e-05
659,2019,Digestive_diseases,2.2328955271879673e-05
660,1990,Conflict_and_terrorism,1.2464047936864772e-05
661,1991,Conflict_and_terrorism,-9.382036531283436e-06
662,1992,Conflict_and_terrorism,-7.427994202463528e-05
663,1993,Conflict_and_terrorism,-7.577042521529008e-05
664,1994,Conflict_and_terrorism,0.0027307022543669257
665,1995,Conflict_and_terrorism,-6.326230649197342e-05
666,1996,Conflict_and_terrorism,-1.220946021923252e-05
667,1997,Conflict_and_terrorism,-1.4484993087566912e-06
668,1998,Conflict_and_terrorism,2.2173491891515278e-07
669,1999,Conflict_and_terrorism,3.5567482421855224e-05
670,2000,Conflict_and_terrorism,4.299721395256351e-06
671,2001,Conflict_and_terrorism,-7.620508500872384e-05
672,2002,Conflict_and_terrorism,-8.184172180247497e-05
673,2003,Conflict_and_terrorism,-6.490560757049064e-05
674,2004,Conflict_and_terrorism,-6.799438981213422e-05
675,2005,Conflict_and_terrorism,-0.00011895455599356266
676,2006,Conflict_and_terrorism,-5.4358159916347265e-05
677,2007,Conflict_and_terrorism,-6.597606670711372e-05
678,2008,Conflict_and_terrorism,-9.652683129023472e-05
679,2009,Conflict_and_terrorism,-6.702306679600046e-05
680,2010,Conflict_and_terrorism,-0.00015348552865209787
681,2011,Conflict_and_terrorism,-0.00010679744597024858
682,2012,Conflict_and_terrorism,-1.2979699703700943e-07
683,2013,Conflict_and_terrorism,1.5881792008599064e-07
684,2014,Conflict_and_terrorism,0.00012153249334294694
685,2015,Conflict_and_terrorism,6.115513674923186e-05
686,2016,Conflict_and_terrorism,4.651899651273133e-05
687,2017,Conflict_and_terrorism,3.588647321582777e-06
688,2018,Conflict_and_terrorism,-9.286274483025764e-06
689,2019,Conflict_and_terrorism,-0.00013005614194699032
690,1990,Fire__heat__and_hot_substances,8.877114797712477e-06
691,1991,Fire__heat__and_hot_substances,8.123060129942614e-06
692,1992,Fire__heat__and_hot_substances,8.051873457998442e-06
693,1993,Fire__heat__and_hot_substances,8.515639715997523e-06
694,1994,Fire__heat__and_hot_substances,7.827601564318573e-06
695,1995,Fire__heat__and_hot_substances,6.819107730838211e-06
696,1996,Fire__heat__and_hot_substances,5.025142182584418e-06
697,1997,Fire__heat__and_hot_substances,3.9262385203189636e-06
698,1998,Fire__heat__and_hot_substances,2.339141106122791e-06
699,1999,Fire__heat__and_hot_substances,2.1430760167867607e-06
700,2000,Fire__heat__and_hot_substances,1.987705022723158e-06
701,2001,Fire__heat__and_hot_substances,1.485187055773252e-06
702,2002,Fire__heat__and_hot_substances,7.022041394592576e-07
703,2003,Fire__heat__and_hot_substances,5.964729284747689e-07
704,2004,Fire__heat__and_hot_substances,1.0656267616292985e-07
705,2005,Fire__heat__and_hot_substances,9.13878075697347e-08
706,2006,Fire__heat__and_hot_substances,-1.5883345685958798e-08
707,2007,Fire__heat__and_hot_substances,-1.9863691181327175e-07
708,2008,Fire__heat__and_hot_substances,-8.769589492077368e-07
709,2009,Fire__heat__and_hot_substances,-1.4760839781160573e-06
710,2010,Fire__heat__and_hot_substances,-2.4858921633388664e-06
711,2011,Fire__heat__and_hot_substances,-3.4919948470294202e-06
712,2012,Fire__heat__and_hot_substances,-4.929326513714388e-06
713,2013,Fire__heat__and_hot_substances,-5.758839941152216e-06
714,2014,Fire__heat__and_hot_substances,-8.042899041594415e-06
715,2015,Fire__heat__and_hot_substances,-9.290900950967477e-06
716,2016,Fire__heat__and_hot_substances,-1.0798476286471594e-05
717,2017,Fire__heat__and_hot_substances,-1.2759990978179715e-05
718,2018,Fire__heat__and_hot_substances,-1.2866387582998216e-05
719,2019,Fire__heat__and_hot_substances,-1.430509274781799e-05
720,1990,Self_harm,6.28550271459334e-06
721,1991,Self_harm,8.097222611623404e-06
722,1992,Self_harm,1.3238377316193586e-05
723,1993,Self_harm,1.8328713348923244e-05
724,1994,Self_harm,2.3586475354388584e-05
725,1995,Self_harm,2.9499219192253212e-05
726,1996,Self_harm,2.3585715802706075e-05
727,1997,Self_harm,2.1188162862478604e-05
728,1998,Self_harm,2.134689785210028e-05
729,1999,Self_harm,2.176798714477045e-05
730,2000,Self_harm,1.6729982964159066e-05
731,2001,Self_harm,6.055261936846056e-06
732,2002,Self_harm,1.5353864512748891e-06
733,2003,Self_harm,1.4645916155911097e-06
734,2004,Self_harm,1.6889367284795209e-06
735,2005,Self_harm,2.147133401717927e-06
736,2006,Self_harm,7.237139655924573e-07
737,2007,Self_harm,-5.04551151539835e-11
738,2008,Self_harm,-1.021637041855481e-06
739,2009,Self_harm,-2.463960502653589e-06
740,2010,Self_harm,-4.9250586497019005e-06
741,2011,Self_harm,-7.285495782337922e-06
742,2012,Self_harm,-1.2846683153055398e-05
743,2013,Self_harm,-2.216859708992089e-05
744,2014,Self_harm,-3.351367483792099e-05
745,2015,Self_harm,-4.244031221087904e-05
746,2016,Self_harm,-4.8492984220489745e-05
747,2017,Self_harm,-5.403414789359299e-05
748,2018,Self_harm,-5.319054655778487e-05
749,2019,Self_harm,-6.080856613022319e-05
750,1990,Poisonings,5.488081701099471e-06
751,1991,Poisonings,4.317130324943741e-06
752,1992,Poisonings,4.163775521087988e-06
753,1993,Poisonings,4.298666197588203e-06
754,1994,Poisonings,3.388778892654369e-06
755,1995,Poisonings,2.993763813093818e-06
756,1996,Poisonings,1.8522395224688503e-06
757,1997,Poisonings,8.256425000301889e-07
758,1998,Poisonings,3.7141773470559847e-07
759,1999,Poisonings,2.714790380678815e-07
760,2000,Poisonings,4.52511146112834e-07
761,2001,Poisonings,4.1887456340994073e-07
762,2002,Poisonings,3.3980920666107814e-07
763,2003,Poisonings,4.130519472992836e-07
764,2004,Poisonings,5.341687658287506e-07
765,2005,Poisonings,5.70736145185211e-07
766,2006,Poisonings,1.4120131705975736e-07
767,2007,Poisonings,4.918110524165157e-09
768,2008,Poisonings,-1.2131365308854065e-08
769,2009,Poisonings,-3.688123203096511e-08
770,2010,Poisonings,-1.8626156846225102e-07
771,2011,Poisonings,-5.466207117578898e-07
772,2012,Poisonings,-1.233558567433639e-06
773,2013,Poisonings,-2.030875307572706e-06
774,2014,Poisonings,-3.5217653938613775e-06
775,2015,Poisonings,-5.182768300462251e-06
776,2016,Poisonings,-6.983450405678463e-06
777,2017,Poisonings,-9.544311614329923e-06
778,2018,Poisonings,-1.1983752001834268e-05
779,2019,Poisonings,-1.4707095729052025e-05
780,1990,Road_injuries_,4.662873787957683e-06
781,1991,Road_injuries_,2.497746629595999e-06
782,1992,Road_injuries_,2.2063630004002046e-06
783,1993,Road_injuries_,1.209818225072042e-06
784,1994,Road_injuries_,3.402582570662452e-07
785,1995,Road_injuries_,1.2615146111569242e-06
786,1996,Road_injuries_,8.360813640514455e-07
787,1997,Road_injuries_,6.543239056415229e-07
788,1998,Road_injuries_,4.956809834893668e-07
789,1999,Road_injuries_,7.436068520219515e-07
790,2000,Road_injuries_,1.5772081009341919e-06
791,2001,Road_injuries_,2.084479921649312e-06
792,2002,Road_injuries_,2.0768355217852747e-06
793,2003,Road_injuries_,3.0013066159107285e-06
794,2004,Road_injuries_,4.028388584885619e-06
795,2005,Road_injuries_,4.938771053811415e-06
796,2006,Road_injuries_,5.561610868369299e-06
797,2007,Road_injuries_,6.621017286401697e-06
798,2008,Road_injuries_,5.3428260368941906e-06
799,2009,Road_injuries_,6.065150903529558e-06
800,2010,Road_injuries_,2.5813371731372103e-06
801,2011,Road_injuries_,1.0627928335648295e-06
802,2012,Road_injuries_,1.74933318821847e-08
803,2013,Road_injuries_,-2.3912183158814027e-06
804,2014,Road_injuries_,-8.753998966978219e-06
805,2015,Road_injuries_,-1.9151630723249148e-05
806,2016,Road_injuries_,-2.9087454110431673e-05
807,2017,Road_injuries_,-3.876628092350004e-05
808,2018,Road_injuries_,-4.518875452726276e-05
809,2019,Road_injuries_,-5.8565911220981814e-05
810,1990,Exposure_to_forces_of_nature,2.850621254080482e-06
811,1991,Exposure_to_forces_of_nature,0.0005341802514517823
812,1992,Exposure_to_forces_of_nature,-0.0001681553770936836
813,1993,Exposure_to_forces_of_nature,-7.464687081641712e-05
814,1994,Exposure_to_forces_of_nature,-0.00016517650680935594
815,1995,Exposure_to_forces_of_nature,-9.559482431954254e-05
816,1996,Exposure_to_forces_of_nature,-0.00013900035509671933
817,1997,Exposure_to_forces_of_nature,-0.00010920066196257774
818,1998,Exposure_to_forces_of_nature,-1.3436320282859014e-12
819,1999,Exposure_to_forces_of_nature,2.796234618506873e-05
820,2000,Exposure_to_forces_of_nature,-0.00023034156564481263
821,2001,Exposure_to_forces_of_nature,-3.8128266694266346e-05
822,2002,Exposure_to_forces_of_nature,-0.00023327135106364447
823,2003,Exposure_to_forces_of_nature,-1.8776618960695968e-05
824,2004,Exposure_to_forces_of_nature,0.001000832877999033
825,2005,Exposure_to_forces_of_nature,7.626267272395224e-05
826,2006,Exposure_to_forces_of_nature,-0.0001004891143400544
827,2007,Exposure_to_forces_of_nature,-0.00013564061086972283
828,2008,Exposure_to_forces_of_nature,0.0009249356796074295
829,2009,Exposure_to_forces_of_nature,-0.00020291763919913212
830,2010,Exposure_to_forces_of_nature,0.0009520466644255543
831,2011,Exposure_to_forces_of_nature,-3.3643489081812406e-05
832,2012,Exposure_to_forces_of_nature,-0.00023772908122137845
833,2013,Exposure_to_forces_of_nature,-5.786626236905994e-05
834,2014,Exposure_to_forces_of_nature,-0.00026830456706848876
835,2015,Exposure_to_forces_of_nature,-0.00015025641869299621
836,2016,Exposure_to_forces_of_nature,-0.0002479672804831818
837,2017,Exposure_to_forces_of_nature,-0.00018013487334351026
838,2018,Exposure_to_forces_of_nature,-0.0002128681851283786
839,2019,Exposure_to_forces_of_nature,-0.00030382674799311535
840,1990,Interpersonal_violence,-4.803286984457155e-07
841,1991,Interpersonal_violence,-1.6006097045261125e-10
842,1992,Interpersonal_violence,4.038176739071882e-06
843,1993,Interpersonal_violence,1.487496926071396e-05
844,1994,Interpersonal_violence,1.4560093633227307e-05
845,1995,Interpersonal_violence,1.6275717304021955e-05
846,1996,Interpersonal_violence,7.922112323863965e-06
847,1997,Interpersonal_violence,3.988725942015935e-06
848,1998,Interpersonal_violence,4.398958668246723e-06
849,1999,Interpersonal_violence,5.76881184049193e-06
850,2000,Interpersonal_violence,8.747430546972697e-06
851,2001,Interpersonal_violence,7.541027915028024e-06
852,2002,Interpersonal_violence,1.0993897136009085e-05
853,2003,Interpersonal_violence,2.9590702344374302e-06
854,2004,Interpersonal_violence,1.0407297509673808e-06
855,2005,Interpersonal_violence,1.3026100003074839e-07
856,2006,Interpersonal_violence,-8.656459730250972e-08
857,2007,Interpersonal_violence,-1.0616744850884633e-06
858,2008,Interpersonal_violence,-1.5871634937135866e-06
859,2009,Interpersonal_violence,-1.2023578220132233e-06
860,2010,Interpersonal_violence,-3.965578744240527e-06
861,2011,Interpersonal_violence,-5.360036831575431e-06
862,2012,Interpersonal_violence,-4.4200664362124766e-06
863,2013,Interpersonal_violence,-6.486702347648836e-06
864,2014,Interpersonal_violence,-9.038749643157124e-06
865,2015,Interpersonal_violence,-1.0024808701642162e-05
866,2016,Interpersonal_violence,-1.4966908676061362e-05
867,2017,Interpersonal_violence,-1.4221367530269915e-05
868,2018,Interpersonal_violence,-1.6945760675204067e-05
869,2019,Interpersonal_violence,-2.7761300965218033e-05
870,1990,Environmental_heat_and_cold_exposure,2.0299408758370633e-07
871,1991,Environmental_heat_and_cold_exposure,4.812243851296117e-07
872,1992,Environmental_heat_and_cold_exposure,2.0124995499144895e-06
873,1993,Environmental_heat_and_cold_exposure,8.37954466371285e-06
874,1994,Environmental_heat_and_cold_exposure,1.4751380807969706e-05
875,1995,Environmental_heat_and_cold_exposure,1.5360547897450678e-05
876,1996,Environmental_heat_and_cold_exposure,7.195545024758779e-06
877,1997,Environmental_heat_and_cold_exposure,2.703415108678738e-06
878,1998,Environmental_heat_and_cold_exposure,3.1155597083992094e-06
879,1999,Environmental_heat_and_cold_exposure,1.4653079617533822e-06
880,2000,Environmental_heat_and_cold_exposure,2.504857776176086e-06
881,2001,Environmental_heat_and_cold_exposure,3.171323219642512e-06
882,2002,Environmental_heat_and_cold_exposure,5.558432753074996e-06
883,2003,Environmental_heat_and_cold_exposure,7.510390741227014e-06
884,2004,Environmental_heat_and_cold_exposure,2.4685910611720765e-06
885,2005,Environmental_heat_and_cold_exposure,3.150956187384915e-06
886,2006,Environmental_heat_and_cold_exposure,9.020224544176579e-07
887,2007,Environmental_heat_and_cold_exposure,-5.926746843308514e-08
888,2008,Environmental_heat_and_cold_exposure,-8.621832682652076e-07
889,2009,Environmental_heat_and_cold_exposure,-2.5863091572704206e-06
890,2010,Environmental_heat_and_cold_exposure,-6.251724809351689e-07
891,2011,Environmental_heat_and_cold_exposure,-6.655626307687526e-06
892,2012,Environmental_heat_and_cold_exposure,-7.2208034271983076e-06
893,2013,Environmental_heat_and_cold_exposure,-1.0774682386914595e-05
894,2014,Environmental_heat_and_cold_exposure,-1.2700920373634304e-05
895,2015,Environmental_heat_and_cold_exposure,-8.721827481246379e-06
896,2016,Environmental_heat_and_cold_exposure,-1.7419660787235615e-05
897,2017,Environmental_heat_and_cold_exposure,-2.126237089931293e-05
898,2018,Environmental_heat_and_cold_exposure,-2.2939551314871053e-05
899,2019,Environmental_heat_and_cold_exposure,-2.165802994481597e-05
900,1990,Chronic_respiratory_diseases,-9.316671782343936e-08
901,1991,Chronic_respiratory_diseases,9.669258415244354e-08
902,1992,Chronic_respiratory_diseases,2.003855949012014e-06
903,1993,Chronic_respiratory_diseases,2.6843331071348966e-06
904,1994,Chronic_respiratory_diseases,4.774927651863235e-08
905,1995,Chronic_respiratory_diseases,6.120621983134894e-07
906,1996,Chronic_respiratory_diseases,2.047553640084816e-06
907,1997,Chronic_respiratory_diseases,3.6164195106311086e-06
908,1998,Chronic_respiratory_diseases,2.56215148457565e-06
909,1999,Chronic_respiratory_diseases,6.371747799665693e-07
910,2000,Chronic_respiratory_diseases,7.364213344053408e-07
911,2001,Chronic_respiratory_diseases,3.4528519871575617e-07
912,2002,Chronic_respiratory_diseases,3.727621636515565e-08
913,2003,Chronic_respiratory_diseases,-8.318016997920213e-08
914,2004,Chronic_respiratory_diseases,-2.875671114060214e-06
915,2005,Chronic_respiratory_diseases,-3.1047281467564618e-06
916,2006,Chronic_respiratory_diseases,-3.827271914098418e-06
917,2007,Chronic_respiratory_diseases,-3.6997503360829457e-06
918,2008,Chronic_respiratory_diseases,-3.7844818817357436e-06
919,2009,Chronic_respiratory_diseases,-3.419113580972917e-06
920,2010,Chronic_respiratory_diseases,-6.967194655004656e-06
921,2011,Chronic_respiratory_diseases,-2.845135976797873e-06
922,2012,Chronic_respiratory_diseases,-2.224546904868287e-06
923,2013,Chronic_respiratory_diseases,-3.3647975954611436e-07
924,2014,Chronic_respiratory_diseases,-2.785207352484732e-09
925,2015,Chronic_respiratory_diseases,-1.7805646395482655e-08
926,2016,Chronic_respiratory_diseases,1.1695657776928997e-07
927,2017,Chronic_respiratory_diseases,1.056108443224979e-06
928,2018,Chronic_respiratory_diseases,4.412943634687124e-06
929,2019,Chronic_respiratory_diseases,8.786391370958963e-06
