document,element,frequency_in_document
1990,Acute_hepatitis,166343.0
1990,Alcohol_use_disorders,116390.0
1990,Alzheimer_s_disease_and_other_dementias,560616.0
1990,Cardiovascular_diseases,12062179.0
1990,Chronic_kidney_disease,600925.0
1990,Chronic_respiratory_diseases,3092759.0
1990,Cirrhosis_and_other_chronic_liver_diseases,1012423.0
1990,Conflict_and_terrorism,116286.0
1990,Diabetes_mellitus,661085.0
1990,Diarrheal_diseases,2894957.0
1990,Digestive_diseases,1854392.0
1990,Drowning,460460.0
1990,Drug_use_disorders,56133.0
1990,Environmental_heat_and_cold_exposure,55072.0
1990,Exposure_to_forces_of_nature,50216.0
1990,Fire__heat__and_hot_substances,123123.0
1990,HIV_AIDS,336059.0
1990,Interpersonal_violence,372497.0
1990,Lower_respiratory_infections,3318264.0
1990,Malaria,840297.0
1990,Maternal_disorders,302419.0
1990,Meningitis,432253.0
1990,Neonatal_disorders,3004581.0
1990,Neoplasms,5752596.0
1990,Nutritional_deficiencies,756808.0
1990,Parkinson_s_disease,147156.0
1990,Poisonings,87951.0
1990,Protein_energy_malnutrition,655975.0
1990,Road_injuries_,1112770.0
1990,Self_harm,738804.0
1990,Tuberculosis,1776727.0
1991,Acute_hepatitis,165276.0
1991,Alcohol_use_disorders,122478.0
1991,Alzheimer_s_disease_and_other_dementias,583166.0
1991,Cardiovascular_diseases,12220282.0
1991,Chronic_kidney_disease,613589.0
1991,Chronic_respiratory_diseases,3148288.0
1991,Cirrhosis_and_other_chronic_liver_diseases,1026870.0
1991,Conflict_and_terrorism,85017.0
1991,Diabetes_mellitus,679630.0
1991,Diarrheal_diseases,2903085.0
1991,Digestive_diseases,1877515.0
1991,Drowning,454375.0
1991,Drug_use_disorders,61890.0
1991,Environmental_heat_and_cold_exposure,56658.0
1991,Exposure_to_forces_of_nature,156552.0
1991,Fire__heat__and_hot_substances,123941.0
1991,HIV_AIDS,430725.0
1991,Interpersonal_violence,383689.0
1991,Lower_respiratory_infections,3282941.0
1991,Malaria,858984.0
1991,Maternal_disorders,298271.0
1991,Meningitis,428621.0
1991,Neonatal_disorders,2975087.0
1991,Neoplasms,5867965.0
1991,Nutritional_deficiencies,729145.0
1991,Parkinson_s_disease,150875.0
1991,Poisonings,87813.0
1991,Protein_energy_malnutrition,631013.0
1991,Road_injuries_,1117024.0
1991,Self_harm,752575.0
1991,Tuberculosis,1786389.0
1992,Acute_hepatitis,163687.0
1992,Alcohol_use_disorders,131665.0
1992,Alzheimer_s_disease_and_other_dementias,605894.0
1992,Cardiovascular_diseases,12437979.0
1992,Chronic_kidney_disease,630160.0
1992,Chronic_respiratory_diseases,3207816.0
1992,Cirrhosis_and_other_chronic_liver_diseases,1042953.0
1992,Conflict_and_terrorism,62063.0
1992,Diabetes_mellitus,702253.0
1992,Diarrheal_diseases,2871809.0
1992,Digestive_diseases,1903759.0
1992,Drowning,447056.0
1992,Drug_use_disorders,66826.0
1992,Environmental_heat_and_cold_exposure,59926.0
1992,Exposure_to_forces_of_nature,12030.0
1992,Fire__heat__and_hot_substances,124995.0
1992,HIV_AIDS,540070.0
1992,Interpersonal_violence,407176.0
1992,Lower_respiratory_infections,3258792.0
1992,Malaria,856415.0
1992,Maternal_disorders,299300.0
1992,Meningitis,426440.0
1992,Neonatal_disorders,2950376.0
1992,Neoplasms,5996098.0
1992,Nutritional_deficiencies,700664.0
1992,Parkinson_s_disease,154886.0
1992,Poisonings,88435.0
1992,Protein_energy_malnutrition,606015.0
1992,Road_injuries_,1125566.0
1992,Self_harm,770286.0
1992,Tuberculosis,1807740.0
1993,Acute_hepatitis,161899.0
1993,Alcohol_use_disorders,143901.0
1993,Alzheimer_s_disease_and_other_dementias,629571.0
1993,Cardiovascular_diseases,12802108.0
1993,Chronic_kidney_disease,647255.0
1993,Chronic_respiratory_diseases,3266612.0
1993,Cirrhosis_and_other_chronic_liver_diseases,1067730.0
1993,Conflict_and_terrorism,62733.0
1993,Diabetes_mellitus,728077.0
1993,Diarrheal_diseases,2798615.0
1993,Digestive_diseases,1939556.0
1993,Drowning,445434.0
1993,Drug_use_disorders,71603.0
1993,Environmental_heat_and_cold_exposure,66812.0
1993,Exposure_to_forces_of_nature,21369.0
1993,Fire__heat__and_hot_substances,127493.0
1993,HIV_AIDS,664463.0
1993,Interpersonal_violence,432858.0
1993,Lower_respiratory_infections,3226972.0
1993,Malaria,862216.0
1993,Maternal_disorders,293564.0
1993,Meningitis,420836.0
1993,Neonatal_disorders,2924485.0
1993,Neoplasms,6167069.0
1993,Nutritional_deficiencies,674219.0
1993,Parkinson_s_disease,160249.0
1993,Poisonings,90036.0
1993,Protein_energy_malnutrition,583919.0
1993,Road_injuries_,1137444.0
1993,Self_harm,791904.0
1993,Tuberculosis,1774711.0
1994,Acute_hepatitis,159423.0
1994,Alcohol_use_disorders,153859.0
1994,Alzheimer_s_disease_and_other_dementias,652176.0
1994,Cardiovascular_diseases,13026289.0
1994,Chronic_kidney_disease,665365.0
1994,Chronic_respiratory_diseases,3297292.0
1994,Cirrhosis_and_other_chronic_liver_diseases,1089331.0
1994,Conflict_and_terrorism,566082.0
1994,Diabetes_mellitus,751254.0
1994,Diarrheal_diseases,2740299.0
1994,Digestive_diseases,1967669.0
1994,Drowning,443350.0
1994,Drug_use_disorders,76717.0
1994,Environmental_heat_and_cold_exposure,72305.0
1994,Exposure_to_forces_of_nature,12717.0
1994,Fire__heat__and_hot_substances,129611.0
1994,HIV_AIDS,800169.0
1994,Interpersonal_violence,441971.0
1994,Lower_respiratory_infections,3187285.0
1994,Malaria,855671.0
1994,Maternal_disorders,293148.0
1994,Meningitis,413799.0
1994,Neonatal_disorders,2896505.0
1994,Neoplasms,6296066.0
1994,Nutritional_deficiencies,649801.0
1994,Parkinson_s_disease,164381.0
1994,Poisonings,90897.0
1994,Protein_energy_malnutrition,564046.0
1994,Road_injuries_,1153642.0
1994,Self_harm,817682.0
1994,Tuberculosis,1753811.0
1995,Acute_hepatitis,157173.0
1995,Alcohol_use_disorders,156714.0
1995,Alzheimer_s_disease_and_other_dementias,674815.0
1995,Cardiovascular_diseases,13129252.0
1995,Chronic_kidney_disease,683701.0
1995,Chronic_respiratory_diseases,3313295.0
1995,Cirrhosis_and_other_chronic_liver_diseases,1104380.0
1995,Conflict_and_terrorism,67210.0
1995,Diabetes_mellitus,773490.0
1995,Diarrheal_diseases,2673263.0
1995,Digestive_diseases,1984263.0
1995,Drowning,437303.0
1995,Drug_use_disorders,79985.0
1995,Environmental_heat_and_cold_exposure,72635.0
1995,Exposure_to_forces_of_nature,19169.0
1995,Fire__heat__and_hot_substances,128523.0
1995,HIV_AIDS,938440.0
1995,Interpersonal_violence,444246.0
1995,Lower_respiratory_infections,3148775.0
1995,Malaria,862626.0
1995,Maternal_disorders,290551.0
1995,Meningitis,409826.0
1995,Neonatal_disorders,2873608.0
1995,Neoplasms,6402881.0
1995,Nutritional_deficiencies,723095.0
1995,Parkinson_s_disease,168882.0
1995,Poisonings,90353.0
1995,Protein_energy_malnutrition,641084.0
1995,Road_injuries_,1162799.0
1995,Self_harm,825922.0
1995,Tuberculosis,1738759.0
1996,Acute_hepatitis,153406.0
1996,Alcohol_use_disorders,156352.0
1996,Alzheimer_s_disease_and_other_dementias,696665.0
1996,Cardiovascular_diseases,13213565.0
1996,Chronic_kidney_disease,704624.0
1996,Chronic_respiratory_diseases,3342591.0
1996,Cirrhosis_and_other_chronic_liver_diseases,1115241.0
1996,Conflict_and_terrorism,87324.0
1996,Diabetes_mellitus,799023.0
1996,Diarrheal_diseases,2615313.0
1996,Digestive_diseases,1995513.0
1996,Drowning,423296.0
1996,Drug_use_disorders,81704.0
1996,Environmental_heat_and_cold_exposure,67602.0
1996,Exposure_to_forces_of_nature,14866.0
1996,Fire__heat__and_hot_substances,126804.0
1996,HIV_AIDS,1061580.0
1996,Interpersonal_violence,432673.0
1996,Lower_respiratory_infections,3091233.0
1996,Malaria,872476.0
1996,Maternal_disorders,287746.0
1996,Meningitis,417259.0
1996,Neonatal_disorders,2841042.0
1996,Neoplasms,6490603.0
1996,Nutritional_deficiencies,671977.0
1996,Parkinson_s_disease,173822.0
1996,Poisonings,88861.0
1996,Protein_energy_malnutrition,593826.0
1996,Road_injuries_,1162809.0
1996,Self_harm,820128.0
1996,Tuberculosis,1720903.0
1997,Acute_hepatitis,151902.0
1997,Alcohol_use_disorders,155429.0
1997,Alzheimer_s_disease_and_other_dementias,717342.0
1997,Cardiovascular_diseases,13339902.0
1997,Chronic_kidney_disease,731048.0
1997,Chronic_respiratory_diseases,3381872.0
1997,Cirrhosis_and_other_chronic_liver_diseases,1128962.0
1997,Conflict_and_terrorism,99263.0
1997,Diabetes_mellitus,827734.0
1997,Diarrheal_diseases,2579027.0
1997,Digestive_diseases,2014659.0
1997,Drowning,413405.0
1997,Drug_use_disorders,82572.0
1997,Environmental_heat_and_cold_exposure,63823.0
1997,Exposure_to_forces_of_nature,17852.0
1997,Fire__heat__and_hot_substances,126274.0
1997,HIV_AIDS,1174154.0
1997,Interpersonal_violence,427316.0
1997,Lower_respiratory_infections,3047670.0
1997,Malaria,892946.0
1997,Maternal_disorders,289467.0
1997,Meningitis,400893.0
1997,Neonatal_disorders,2817527.0
1997,Neoplasms,6586074.0
1997,Nutritional_deficiencies,647682.0
1997,Parkinson_s_disease,179347.0
1997,Poisonings,87371.0
1997,Protein_energy_malnutrition,572372.0
1997,Road_injuries_,1169798.0
1997,Self_harm,822649.0
1997,Tuberculosis,1726038.0
1998,Acute_hepatitis,149563.0
1998,Alcohol_use_disorders,156282.0
1998,Alzheimer_s_disease_and_other_dementias,738768.0
1998,Cardiovascular_diseases,13461489.0
1998,Chronic_kidney_disease,758681.0
1998,Chronic_respiratory_diseases,3401426.0
1998,Cirrhosis_and_other_chronic_liver_diseases,1141509.0
1998,Conflict_and_terrorism,108842.0
1998,Diabetes_mellitus,854415.0
1998,Diarrheal_diseases,2544585.0
1998,Digestive_diseases,2030600.0
1998,Drowning,407205.0
1998,Drug_use_disorders,85087.0
1998,Environmental_heat_and_cold_exposure,64858.0
1998,Exposure_to_forces_of_nature,48134.0
1998,Fire__heat__and_hot_substances,124746.0
1998,HIV_AIDS,1303651.0
1998,Interpersonal_violence,431984.0
1998,Lower_respiratory_infections,2999755.0
1998,Malaria,901338.0
1998,Maternal_disorders,289304.0
1998,Meningitis,393364.0
1998,Neonatal_disorders,2793540.0
1998,Neoplasms,6703169.0
1998,Nutritional_deficiencies,620498.0
1998,Parkinson_s_disease,185097.0
1998,Poisonings,86679.0
1998,Protein_energy_malnutrition,549543.0
1998,Road_injuries_,1177827.0
1998,Self_harm,829842.0
1998,Tuberculosis,1724307.0
1999,Acute_hepatitis,147017.0
1999,Alcohol_use_disorders,160606.0
1999,Alzheimer_s_disease_and_other_dementias,761620.0
1999,Cardiovascular_diseases,13720763.0
1999,Chronic_kidney_disease,785380.0
1999,Chronic_respiratory_diseases,3419612.0
1999,Cirrhosis_and_other_chronic_liver_diseases,1158552.0
1999,Conflict_and_terrorism,141860.0
1999,Diabetes_mellitus,879521.0
1999,Diarrheal_diseases,2496957.0
1999,Digestive_diseases,2054201.0
1999,Drowning,397169.0
1999,Drug_use_disorders,87336.0
1999,Environmental_heat_and_cold_exposure,63375.0
1999,Exposure_to_forces_of_nature,69591.0
1999,Fire__heat__and_hot_substances,125921.0
1999,HIV_AIDS,1439777.0
1999,Interpersonal_violence,440642.0
1999,Lower_respiratory_infections,2950639.0
1999,Malaria,893788.0
1999,Maternal_disorders,288836.0
1999,Meningitis,390136.0
1999,Neonatal_disorders,2766241.0
1999,Neoplasms,6857548.0
1999,Nutritional_deficiencies,593417.0
1999,Parkinson_s_disease,191538.0
1999,Poisonings,87333.0
1999,Protein_energy_malnutrition,527431.0
1999,Road_injuries_,1195303.0
1999,Self_harm,840850.0
1999,Tuberculosis,1719130.0
2000,Acute_hepatitis,144124.0
2000,Alcohol_use_disorders,166094.0
2000,Alzheimer_s_disease_and_other_dementias,786615.0
2000,Cardiovascular_diseases,13957078.0
2000,Chronic_kidney_disease,814854.0
2000,Chronic_respiratory_diseases,3450006.0
2000,Cirrhosis_and_other_chronic_liver_diseases,1177628.0
2000,Conflict_and_terrorism,120011.0
2000,Diabetes_mellitus,905965.0
2000,Diarrheal_diseases,2440570.0
2000,Digestive_diseases,2079551.0
2000,Drowning,387627.0
2000,Drug_use_disorders,89690.0
2000,Environmental_heat_and_cold_exposure,65450.0
2000,Exposure_to_forces_of_nature,8918.0
2000,Fire__heat__and_hot_substances,126659.0
2000,HIV_AIDS,1559389.0
2000,Interpersonal_violence,450393.0
2000,Lower_respiratory_infections,2895698.0
2000,Malaria,882055.0
2000,Maternal_disorders,287027.0
2000,Meningitis,385994.0
2000,Neonatal_disorders,2739290.0
2000,Neoplasms,7001927.0
2000,Nutritional_deficiencies,568454.0
2000,Parkinson_s_disease,198545.0
2000,Poisonings,88799.0
2000,Protein_energy_malnutrition,505874.0
2000,Road_injuries_,1212355.0
2000,Self_harm,839249.0
2000,Tuberculosis,1714428.0
2001,Acute_hepatitis,140143.0
2001,Alcohol_use_disorders,170787.0
2001,Alzheimer_s_disease_and_other_dementias,814526.0
2001,Cardiovascular_diseases,14185571.0
2001,Chronic_kidney_disease,842790.0
2001,Chronic_respiratory_diseases,3465831.0
2001,Cirrhosis_and_other_chronic_liver_diseases,1200250.0
2001,Conflict_and_terrorism,67069.0
2001,Diabetes_mellitus,934841.0
2001,Diarrheal_diseases,2378465.0
2001,Digestive_diseases,2107791.0
2001,Drowning,375917.0
2001,Drug_use_disorders,87325.0
2001,Environmental_heat_and_cold_exposure,66743.0
2001,Exposure_to_forces_of_nature,29497.0
2001,Fire__heat__and_hot_substances,126427.0
2001,HIV_AIDS,1662064.0
2001,Interpersonal_violence,451206.0
2001,Lower_respiratory_infections,2830457.0
2001,Malaria,912709.0
2001,Maternal_disorders,282455.0
2001,Meningitis,379912.0
2001,Neonatal_disorders,2710195.0
2001,Neoplasms,7114269.0
2001,Nutritional_deficiencies,542565.0
2001,Parkinson_s_disease,206194.0
2001,Poisonings,89294.0
2001,Protein_energy_malnutrition,483074.0
2001,Road_injuries_,1224220.0
2001,Self_harm,820745.0
2001,Tuberculosis,1682360.0
2002,Acute_hepatitis,134941.0
2002,Alcohol_use_disorders,175317.0
2002,Alzheimer_s_disease_and_other_dementias,845695.0
2002,Cardiovascular_diseases,14501696.0
2002,Chronic_kidney_disease,874109.0
2002,Chronic_respiratory_diseases,3490310.0
2002,Cirrhosis_and_other_chronic_liver_diseases,1227607.0
2002,Conflict_and_terrorism,66414.0
2002,Diabetes_mellitus,970544.0
2002,Diarrheal_diseases,2312641.0
2002,Digestive_diseases,2143976.0
2002,Drowning,361967.0
2002,Drug_use_disorders,84750.0
2002,Environmental_heat_and_cold_exposure,69939.0
2002,Exposure_to_forces_of_nature,8908.0
2002,Fire__heat__and_hot_substances,125532.0
2002,HIV_AIDS,1746104.0
2002,Interpersonal_violence,462331.0
2002,Lower_respiratory_infections,2788706.0
2002,Malaria,929195.0
2002,Maternal_disorders,276253.0
2002,Meningitis,372298.0
2002,Neonatal_disorders,2691320.0
2002,Neoplasms,7253993.0
2002,Nutritional_deficiencies,517754.0
2002,Parkinson_s_disease,214930.0
2002,Poisonings,89920.0
2002,Protein_energy_malnutrition,462083.0
2002,Road_injuries_,1237109.0
2002,Self_harm,811199.0
2002,Tuberculosis,1649490.0
2003,Acute_hepatitis,130158.0
2003,Alcohol_use_disorders,178889.0
2003,Alzheimer_s_disease_and_other_dementias,877011.0
2003,Cardiovascular_diseases,14710723.0
2003,Chronic_kidney_disease,902200.0
2003,Chronic_respiratory_diseases,3491643.0
2003,Cirrhosis_and_other_chronic_liver_diseases,1251776.0
2003,Conflict_and_terrorism,71044.0
2003,Diabetes_mellitus,1000276.0
2003,Diarrheal_diseases,2242961.0
2003,Digestive_diseases,2173729.0
2003,Drowning,347745.0
2003,Drug_use_disorders,82250.0
2003,Environmental_heat_and_cold_exposure,71950.0
2003,Exposure_to_forces_of_nature,35474.0
2003,Fire__heat__and_hot_substances,125730.0
2003,HIV_AIDS,1808445.0
2003,Interpersonal_violence,446701.0
2003,Lower_respiratory_infections,2746549.0
2003,Malaria,959654.0
2003,Maternal_disorders,269425.0
2003,Meningitis,369171.0
2003,Neonatal_disorders,2671242.0
2003,Neoplasms,7388299.0
2003,Nutritional_deficiencies,417264.0
2003,Parkinson_s_disease,222256.0
2003,Poisonings,90634.0
2003,Protein_energy_malnutrition,365742.0
2003,Road_injuries_,1248216.0
2003,Self_harm,814533.0
2003,Tuberculosis,1612262.0
2004,Acute_hepatitis,127953.0
2004,Alcohol_use_disorders,180491.0
2004,Alzheimer_s_disease_and_other_dementias,909148.0
2004,Cardiovascular_diseases,14745985.0
2004,Chronic_kidney_disease,922921.0
2004,Chronic_respiratory_diseases,3462850.0
2004,Cirrhosis_and_other_chronic_liver_diseases,1266574.0
2004,Conflict_and_terrorism,70502.0
2004,Diabetes_mellitus,1018138.0
2004,Diarrheal_diseases,2166496.0
2004,Digestive_diseases,2187927.0
2004,Drowning,338417.0
2004,Drug_use_disorders,81843.0
2004,Environmental_heat_and_cold_exposure,67144.0
2004,Exposure_to_forces_of_nature,242430.0
2004,Fire__heat__and_hot_substances,123651.0
2004,HIV_AIDS,1842954.0
2004,Interpersonal_violence,440855.0
2004,Lower_respiratory_infections,2697064.0
2004,Malaria,960784.0
2004,Maternal_disorders,265279.0
2004,Meningitis,363462.0
2004,Neonatal_disorders,2647814.0
2004,Neoplasms,7504504.0
2004,Nutritional_deficiencies,393952.0
2004,Parkinson_s_disease,227695.0
2004,Poisonings,91455.0
2004,Protein_energy_malnutrition,345527.0
2004,Road_injuries_,1258547.0
2004,Self_harm,819290.0
2004,Tuberculosis,1558519.0
2005,Acute_hepatitis,128197.0
2005,Alcohol_use_disorders,181704.0
2005,Alzheimer_s_disease_and_other_dementias,945619.0
2005,Cardiovascular_diseases,14995528.0
2005,Chronic_kidney_disease,956457.0
2005,Chronic_respiratory_diseases,3479174.0
2005,Cirrhosis_and_other_chronic_liver_diseases,1293978.0
2005,Conflict_and_terrorism,59507.0
2005,Diabetes_mellitus,1050925.0
2005,Diarrheal_diseases,2125961.0
2005,Digestive_diseases,2226154.0
2005,Drowning,332705.0
2005,Drug_use_disorders,84990.0
2005,Environmental_heat_and_cold_exposure,68382.0
2005,Exposure_to_forces_of_nature,88718.0
2005,Fire__heat__and_hot_substances,124166.0
2005,HIV_AIDS,1832074.0
2005,Interpersonal_violence,435946.0
2005,Lower_respiratory_infections,2677818.0
2005,Malaria,940540.0
2005,Maternal_disorders,264407.0
2005,Meningitis,361809.0
2005,Neonatal_disorders,2620556.0
2005,Neoplasms,7653588.0
2005,Nutritional_deficiencies,376740.0
2005,Parkinson_s_disease,236498.0
2005,Poisonings,92064.0
2005,Protein_energy_malnutrition,329849.0
2005,Road_injuries_,1269243.0
2005,Self_harm,826133.0
2005,Tuberculosis,1532479.0
2006,Acute_hepatitis,124737.0
2006,Alcohol_use_disorders,177747.0
2006,Alzheimer_s_disease_and_other_dementias,982308.0
2006,Cardiovascular_diseases,14991661.0
2006,Chronic_kidney_disease,981743.0
2006,Chronic_respiratory_diseases,3461443.0
2006,Cirrhosis_and_other_chronic_liver_diseases,1300281.0
2006,Conflict_and_terrorism,74555.0
2006,Diabetes_mellitus,1071057.0
2006,Diarrheal_diseases,2109339.0
2006,Digestive_diseases,2235326.0
2006,Drowning,319875.0
2006,Drug_use_disorders,85421.0
2006,Environmental_heat_and_cold_exposure,64630.0
2006,Exposure_to_forces_of_nature,19918.0
2006,Fire__heat__and_hot_substances,121265.0
2006,HIV_AIDS,1767868.0
2006,Interpersonal_violence,427355.0
2006,Lower_respiratory_infections,2645926.0
2006,Malaria,941746.0
2006,Maternal_disorders,259261.0
2006,Meningitis,358973.0
2006,Neonatal_disorders,2587061.0
2006,Neoplasms,7722732.0
2006,Nutritional_deficiencies,362476.0
2006,Parkinson_s_disease,242749.0
2006,Poisonings,89859.0
2006,Protein_energy_malnutrition,316210.0
2006,Road_injuries_,1267492.0
2006,Self_harm,814138.0
2006,Tuberculosis,1499369.0
2007,Acute_hepatitis,120512.0
2007,Alcohol_use_disorders,174006.0
2007,Alzheimer_s_disease_and_other_dementias,1022057.0
2007,Cardiovascular_diseases,15117363.0
2007,Chronic_kidney_disease,1010311.0
2007,Chronic_respiratory_diseases,3467408.0
2007,Cirrhosis_and_other_chronic_liver_diseases,1311974.0
2007,Conflict_and_terrorism,71286.0
2007,Diabetes_mellitus,1092777.0
2007,Diarrheal_diseases,2076357.0
2007,Digestive_diseases,2251390.0
2007,Drowning,311889.0
2007,Drug_use_disorders,85962.0
2007,Environmental_heat_and_cold_exposure,59791.0
2007,Exposure_to_forces_of_nature,16200.0
2007,Fire__heat__and_hot_substances,119600.0
2007,HIV_AIDS,1669306.0
2007,Interpersonal_violence,420025.0
2007,Lower_respiratory_infections,2617221.0
2007,Malaria,940193.0
2007,Maternal_disorders,252551.0
2007,Meningitis,352747.0
2007,Neonatal_disorders,2549184.0
2007,Neoplasms,7850705.0
2007,Nutritional_deficiencies,347407.0
2007,Parkinson_s_disease,250475.0
2007,Poisonings,88475.0
2007,Protein_energy_malnutrition,302088.0
2007,Road_injuries_,1273318.0
2007,Self_harm,802521.0
2007,Tuberculosis,1470117.0
2008,Acute_hepatitis,117273.0
2008,Alcohol_use_disorders,171613.0
2008,Alzheimer_s_disease_and_other_dementias,1065297.0
2008,Cardiovascular_diseases,15402070.0
2008,Chronic_kidney_disease,1045743.0
2008,Chronic_respiratory_diseases,3510195.0
2008,Cirrhosis_and_other_chronic_liver_diseases,1330568.0
2008,Conflict_and_terrorism,64695.0
2008,Diabetes_mellitus,1122287.0
2008,Diarrheal_diseases,2044769.0
2008,Digestive_diseases,2280070.0
2008,Drowning,304870.0
2008,Drug_use_disorders,87077.0
2008,Environmental_heat_and_cold_exposure,57763.0
2008,Exposure_to_forces_of_nature,235751.0
2008,Fire__heat__and_hot_substances,118269.0
2008,HIV_AIDS,1559499.0
2008,Interpersonal_violence,422800.0
2008,Lower_respiratory_infections,2603124.0
2008,Malaria,932910.0
2008,Maternal_disorders,247899.0
2008,Meningitis,343452.0
2008,Neonatal_disorders,2515772.0
2008,Neoplasms,8027173.0
2008,Nutritional_deficiencies,335623.0
2008,Parkinson_s_disease,260382.0
2008,Poisonings,88687.0
2008,Protein_energy_malnutrition,290690.0
2008,Road_injuries_,1284333.0
2008,Self_harm,797570.0
2008,Tuberculosis,1447516.0
2009,Acute_hepatitis,112643.0
2009,Alcohol_use_disorders,166736.0
2009,Alzheimer_s_disease_and_other_dementias,1109405.0
2009,Cardiovascular_diseases,15552545.0
2009,Chronic_kidney_disease,1074048.0
2009,Chronic_respiratory_diseases,3498126.0
2009,Cirrhosis_and_other_chronic_liver_diseases,1330408.0
2009,Conflict_and_terrorism,71582.0
2009,Diabetes_mellitus,1142391.0
2009,Diarrheal_diseases,1977248.0
2009,Digestive_diseases,2279806.0
2009,Drowning,296871.0
2009,Drug_use_disorders,87025.0
2009,Environmental_heat_and_cold_exposure,54835.0
2009,Exposure_to_forces_of_nature,10975.0
2009,Fire__heat__and_hot_substances,116177.0
2009,HIV_AIDS,1453258.0
2009,Interpersonal_violence,422750.0
2009,Lower_respiratory_infections,2571405.0
2009,Malaria,917796.0
2009,Maternal_disorders,244175.0
2009,Meningitis,336868.0
2009,Neonatal_disorders,2475066.0
2009,Neoplasms,8167640.0
2009,Nutritional_deficiencies,322879.0
2009,Parkinson_s_disease,267738.0
2009,Poisonings,87902.0
2009,Protein_energy_malnutrition,279325.0
2009,Road_injuries_,1281669.0
2009,Self_harm,785883.0
2009,Tuberculosis,1405491.0
2010,Acute_hepatitis,109556.0
2010,Alcohol_use_disorders,164313.0
2010,Alzheimer_s_disease_and_other_dementias,1155944.0
2010,Cardiovascular_diseases,15838151.0
2010,Chronic_kidney_disease,1107473.0
2010,Chronic_respiratory_diseases,3509920.0
2010,Cirrhosis_and_other_chronic_liver_diseases,1340704.0
2010,Conflict_and_terrorism,54467.0
2010,Diabetes_mellitus,1165663.0
2010,Diarrheal_diseases,1928704.0
2010,Digestive_diseases,2298319.0
2010,Drowning,290831.0
2010,Drug_use_disorders,88079.0
2010,Environmental_heat_and_cold_exposure,58674.0
2010,Exposure_to_forces_of_nature,241002.0
2010,Fire__heat__and_hot_substances,115329.0
2010,HIV_AIDS,1364619.0
2010,Interpersonal_violence,417449.0
2010,Lower_respiratory_infections,2545622.0
2010,Malaria,909814.0
2010,Maternal_disorders,239749.0
2010,Meningitis,326778.0
2010,Neonatal_disorders,2428939.0
2010,Neoplasms,8329288.0
2010,Nutritional_deficiencies,322187.0
2010,Parkinson_s_disease,276188.0
2010,Poisonings,87632.0
2010,Protein_energy_malnutrition,279144.0
2010,Road_injuries_,1278839.0
2010,Self_harm,784456.0
2010,Tuberculosis,1364942.0
2011,Acute_hepatitis,106549.0
2011,Alcohol_use_disorders,161372.0
2011,Alzheimer_s_disease_and_other_dementias,1201138.0
2011,Cardiovascular_diseases,16038263.0
2011,Chronic_kidney_disease,1143219.0
2011,Chronic_respiratory_diseases,3539167.0
2011,Cirrhosis_and_other_chronic_liver_diseases,1348880.0
2011,Conflict_and_terrorism,62900.0
2011,Diabetes_mellitus,1197995.0
2011,Diarrheal_diseases,1902762.0
2011,Digestive_diseases,2316484.0
2011,Drowning,281106.0
2011,Drug_use_disorders,89322.0
2011,Environmental_heat_and_cold_exposure,51638.0
2011,Exposure_to_forces_of_nature,31850.0
2011,Fire__heat__and_hot_substances,113655.0
2011,HIV_AIDS,1283719.0
2011,Interpersonal_violence,413880.0
2011,Lower_respiratory_infections,2527899.0
2011,Malaria,868564.0
2011,Maternal_disorders,234669.0
2011,Meningitis,312733.0
2011,Neonatal_disorders,2383664.0
2011,Neoplasms,8468793.0
2011,Nutritional_deficiencies,314327.0
2011,Parkinson_s_disease,284488.0
2011,Poisonings,86099.0
2011,Protein_energy_malnutrition,271516.0
2011,Road_injuries_,1267737.0
2011,Self_harm,777218.0
2011,Tuberculosis,1331697.0
2012,Acute_hepatitis,104589.0
2012,Alcohol_use_disorders,159381.0
2012,Alzheimer_s_disease_and_other_dementias,1247515.0
2012,Cardiovascular_diseases,16245243.0
2012,Chronic_kidney_disease,1176295.0
2012,Chronic_respiratory_diseases,3558276.0
2012,Cirrhosis_and_other_chronic_liver_diseases,1354358.0
2012,Conflict_and_terrorism,112295.0
2012,Diabetes_mellitus,1236606.0
2012,Diarrheal_diseases,1834769.0
2012,Digestive_diseases,2329472.0
2012,Drowning,275585.0
2012,Drug_use_disorders,90934.0
2012,Environmental_heat_and_cold_exposure,51418.0
2012,Exposure_to_forces_of_nature,8959.0
2012,Fire__heat__and_hot_substances,112090.0
2012,HIV_AIDS,1198698.0
2012,Interpersonal_violence,417694.0
2012,Lower_respiratory_infections,2526051.0
2012,Malaria,806183.0
2012,Maternal_disorders,227177.0
2012,Meningitis,300091.0
2012,Neonatal_disorders,2339979.0
2012,Neoplasms,8611952.0
2012,Nutritional_deficiencies,298117.0
2012,Parkinson_s_disease,293123.0
2012,Poisonings,84595.0
2012,Protein_energy_malnutrition,255541.0
2012,Road_injuries_,1255450.0
2012,Self_harm,767020.0
2012,Tuberculosis,1318198.0
2013,Acute_hepatitis,98898.0
2013,Alcohol_use_disorders,158848.0
2013,Alzheimer_s_disease_and_other_dementias,1294701.0
2013,Cardiovascular_diseases,16490053.0
2013,Chronic_kidney_disease,1214187.0
2013,Chronic_respiratory_diseases,3610804.0
2013,Cirrhosis_and_other_chronic_liver_diseases,1359145.0
2013,Conflict_and_terrorism,117364.0
2013,Diabetes_mellitus,1277414.0
2013,Diarrheal_diseases,1788081.0
2013,Digestive_diseases,2348963.0
2013,Drowning,266827.0
2013,Drug_use_disorders,94562.0
2013,Environmental_heat_and_cold_exposure,49503.0
2013,Exposure_to_forces_of_nature,26906.0
2013,Fire__heat__and_hot_substances,111818.0
2013,HIV_AIDS,1126196.0
2013,Interpersonal_violence,415620.0
2013,Lower_respiratory_infections,2537037.0
2013,Malaria,751776.0
2013,Maternal_disorders,223473.0
2013,Meningitis,289502.0
2013,Neonatal_disorders,2299343.0
2013,Neoplasms,8757263.0
2013,Nutritional_deficiencies,291451.0
2013,Parkinson_s_disease,303488.0
2013,Poisonings,83618.0
2013,Protein_energy_malnutrition,249435.0
2013,Road_injuries_,1232221.0
2013,Self_harm,755568.0
2013,Tuberculosis,1307485.0
2014,Acute_hepatitis,92845.0
2014,Alcohol_use_disorders,159291.0
2014,Alzheimer_s_disease_and_other_dementias,1343756.0
2014,Cardiovascular_diseases,16715810.0
2014,Chronic_kidney_disease,1247378.0
2014,Chronic_respiratory_diseases,3651653.0
2014,Cirrhosis_and_other_chronic_liver_diseases,1363403.0
2014,Conflict_and_terrorism,187939.0
2014,Diabetes_mellitus,1320608.0
2014,Diarrheal_diseases,1725693.0
2014,Digestive_diseases,2364063.0
2014,Drowning,258489.0
2014,Drug_use_disorders,99295.0
2014,Environmental_heat_and_cold_exposure,48775.0
2014,Exposure_to_forces_of_nature,7412.0
2014,Fire__heat__and_hot_substances,110102.0
2014,HIV_AIDS,1072970.0
2014,Interpersonal_violence,413371.0
2014,Lower_respiratory_infections,2532104.0
2014,Malaria,724324.0
2014,Maternal_disorders,214881.0
2014,Meningitis,280438.0
2014,Neonatal_disorders,2237472.0
2014,Neoplasms,8920309.0
2014,Nutritional_deficiencies,284578.0
2014,Parkinson_s_disease,312928.0
2014,Poisonings,81976.0
2014,Protein_energy_malnutrition,242956.0
2014,Road_injuries_,1213989.0
2014,Self_harm,744751.0
2014,Tuberculosis,1294816.0
2015,Acute_hepatitis,88750.0
2015,Alcohol_use_disorders,160713.0
2015,Alzheimer_s_disease_and_other_dementias,1394942.0
2015,Cardiovascular_diseases,17089707.0
2015,Chronic_kidney_disease,1286935.0
2015,Chronic_respiratory_diseases,3690907.0
2015,Cirrhosis_and_other_chronic_liver_diseases,1384947.0
2015,Conflict_and_terrorism,167030.0
2015,Diabetes_mellitus,1366100.0
2015,Diarrheal_diseases,1679043.0
2015,Digestive_diseases,2404387.0
2015,Drowning,254237.0
2015,Drug_use_disorders,105401.0
2015,Environmental_heat_and_cold_exposure,51665.0
2015,Exposure_to_forces_of_nature,15583.0
2015,Fire__heat__and_hot_substances,110167.0
2015,HIV_AIDS,1029667.0
2015,Interpersonal_violence,416362.0
2015,Lower_respiratory_infections,2533068.0
2015,Malaria,702890.0
2015,Maternal_disorders,208450.0
2015,Meningitis,267789.0
2015,Neonatal_disorders,2183143.0
2015,Neoplasms,9133616.0
2015,Nutritional_deficiencies,278793.0
2015,Parkinson_s_disease,321782.0
2015,Poisonings,80974.0
2015,Protein_energy_malnutrition,237723.0
2015,Road_injuries_,1201418.0
2015,Self_harm,742648.0
2015,Tuberculosis,1267556.0
2016,Acute_hepatitis,84726.0
2016,Alcohol_use_disorders,162047.0
2016,Alzheimer_s_disease_and_other_dementias,1451840.0
2016,Cardiovascular_diseases,17398709.0
2016,Chronic_kidney_disease,1325004.0
2016,Chronic_respiratory_diseases,3740794.0
2016,Cirrhosis_and_other_chronic_liver_diseases,1404134.0
2016,Conflict_and_terrorism,161637.0
2016,Diabetes_mellitus,1412896.0
2016,Diarrheal_diseases,1639826.0
2016,Digestive_diseases,2439649.0
2016,Drowning,248811.0
2016,Drug_use_disorders,112875.0
2016,Environmental_heat_and_cold_exposure,47495.0
2016,Exposure_to_forces_of_nature,8672.0
2016,Fire__heat__and_hot_substances,109840.0
2016,HIV_AIDS,996098.0
2016,Interpersonal_violence,412500.0
2016,Lower_respiratory_infections,2516135.0
2016,Malaria,660364.0
2016,Maternal_disorders,203737.0
2016,Meningitis,261246.0
2016,Neonatal_disorders,2099079.0
2016,Neoplasms,9336894.0
2016,Nutritional_deficiencies,273191.0
2016,Parkinson_s_disease,330736.0
2016,Poisonings,79951.0
2016,Protein_energy_malnutrition,232544.0
2016,Road_injuries_,1193556.0
2016,Self_harm,742925.0
2016,Tuberculosis,1249524.0
2017,Acute_hepatitis,82472.0
2017,Alcohol_use_disorders,162599.0
2017,Alzheimer_s_disease_and_other_dementias,1509646.0
2017,Cardiovascular_diseases,17685890.0
2017,Chronic_kidney_disease,1351349.0
2017,Chronic_respiratory_diseases,3795946.0
2017,Cirrhosis_and_other_chronic_liver_diseases,1425956.0
2017,Conflict_and_terrorism,130737.0
2017,Diabetes_mellitus,1454681.0
2017,Diarrheal_diseases,1632183.0
2017,Digestive_diseases,2478029.0
2017,Drowning,241842.0
2017,Drug_use_disorders,118324.0
2017,Environmental_heat_and_cold_exposure,46276.0
2017,Exposure_to_forces_of_nature,13309.0
2017,Fire__heat__and_hot_substances,109165.0
2017,HIV_AIDS,947006.0
2017,Interpersonal_violence,417143.0
2017,Lower_respiratory_infections,2487918.0
2017,Malaria,629653.0
2017,Maternal_disorders,199197.0
2017,Meningitis,250132.0
2017,Neonatal_disorders,2014896.0
2017,Neoplasms,9529491.0
2017,Nutritional_deficiencies,267463.0
2017,Parkinson_s_disease,339343.0
2017,Poisonings,78484.0
2017,Protein_energy_malnutrition,227038.0
2017,Road_injuries_,1188281.0
2017,Self_harm,743620.0
2017,Tuberculosis,1231689.0
2018,Acute_hepatitis,80894.0
2018,Alcohol_use_disorders,165462.0
2018,Alzheimer_s_disease_and_other_dementias,1568617.0
2018,Cardiovascular_diseases,18113910.0
2018,Chronic_kidney_disease,1387668.0
2018,Chronic_respiratory_diseases,3886637.0
2018,Cirrhosis_and_other_chronic_liver_diseases,1447651.0
2018,Conflict_and_terrorism,103407.0
2018,Diabetes_mellitus,1501633.0
2018,Diarrheal_diseases,1577953.0
2018,Digestive_diseases,2515213.0
2018,Drowning,240266.0
2018,Drug_use_disorders,123095.0
2018,Environmental_heat_and_cold_exposure,46272.0
2018,Exposure_to_forces_of_nature,11082.0
2018,Fire__heat__and_hot_substances,110642.0
2018,HIV_AIDS,892341.0
2018,Interpersonal_violence,419249.0
2018,Lower_respiratory_infections,2486438.0
2018,Malaria,631568.0
2018,Maternal_disorders,198069.0
2018,Meningitis,241666.0
2018,Neonatal_disorders,1942350.0
2018,Neoplasms,9791758.0
2018,Nutritional_deficiencies,258094.0
2018,Parkinson_s_disease,351322.0
2018,Poisonings,77805.0
2018,Protein_energy_malnutrition,218222.0
2018,Road_injuries_,1195919.0
2018,Self_harm,755125.0
2018,Tuberculosis,1204916.0
2019,Acute_hepatitis,79099.0
2019,Alcohol_use_disorders,167781.0
2019,Alzheimer_s_disease_and_other_dementias,1620797.0
2019,Cardiovascular_diseases,18525078.0
2019,Chronic_kidney_disease,1424000.0
2019,Chronic_respiratory_diseases,3970744.0
2019,Cirrhosis_and_other_chronic_liver_diseases,1468203.0
2019,Conflict_and_terrorism,62932.0
2019,Diabetes_mellitus,1546628.0
2019,Diarrheal_diseases,1533219.0
2019,Digestive_diseases,2552294.0
2019,Drowning,236750.0
2019,Drug_use_disorders,127995.0
2019,Environmental_heat_and_cold_exposure,47432.0
2019,Exposure_to_forces_of_nature,6072.0
2019,Fire__heat__and_hot_substances,111055.0
2019,HIV_AIDS,861694.0
2019,Interpersonal_violence,412164.0
2019,Lower_respiratory_infections,2489462.0
2019,Malaria,643196.0
2019,Maternal_disorders,196075.0
2019,Meningitis,235867.0
2019,Neonatal_disorders,1878065.0
2019,Neoplasms,10063467.0
2019,Nutritional_deficiencies,250947.0
2019,Parkinson_s_disease,362256.0
2019,Poisonings,77081.0
2019,Protein_energy_malnutrition,211654.0
2019,Road_injuries_,1194907.0
2019,Self_harm,758026.0
2019,Tuberculosis,1178483.0
