,HIV_AIDS,Diarrheal_diseases,Lower_respiratory_infections,Nutritional_deficiencies,Neonatal_disorders,Protein_energy_malnutrition,Neoplasms,Alzheimer_s_disease_and_other_dementias,Cardiovascular_diseases,Tuberculosis,Diabetes_mellitus,Chronic_kidney_disease,Drowning,Meningitis,Parkinson_s_disease,Acute_hepatitis,Maternal_disorders,Malaria,Cirrhosis_and_other_chronic_liver_diseases,Drug_use_disorders,Alcohol_use_disorders,Digestive_diseases,Conflict_and_terrorism,Fire__heat__and_hot_substances,Self_harm,Poisonings,Road_injuries_,Exposure_to_forces_of_nature,Interpersonal_violence,Environmental_heat_and_cold_exposure,Chronic_respiratory_diseases
1990,-0.0033616386602331443,0.00139438910030218,0.0009448597403745101,0.0008186305721466051,0.0007761928234513715,0.0006958659121982613,-0.0006887669084989327,-0.000559134331706913,-0.0004439673183884423,0.0004294044653384002,-0.0003594478804665063,-0.0003492273698415386,0.00024505403899614656,0.0001507175566685051,-9.301352767806772e-05,8.176094099131677e-05,7.85084150468333e-05,3.669021386619681e-05,-3.56065363651683e-05,-3.0310553648109346e-05,-2.2310417722881887e-05,-1.6804412414894807e-05,1.2464047936864772e-05,8.877114797712477e-06,6.28550271459334e-06,5.488081701099471e-06,4.662873787957683e-06,2.850621254080482e-06,-4.803286984457155e-07,2.0299408758370633e-07,-9.316671782343936e-08
1991,-0.0024000926750690835,0.0013178003156540776,0.0007871183760312841,0.0006704486457189884,0.0006451043560446908,0.0005649661775263548,-0.0006292890965449187,-0.0004990762164016581,-0.00043774820747067254,0.00040517969186751063,-0.0003297017893205173,-0.00033358795371891416,0.0002115600446013202,0.0001300382931570161,-8.711454645168762e-05,7.315354232864739e-05,6.307308070594006e-05,4.3916764686306644e-05,-3.4221488797760266e-05,-1.7476183577765314e-05,-1.4960069530761986e-05,-1.6781045134684402e-05,-9.382036531283436e-06,8.123060129942614e-06,8.097222611623404e-06,4.317130324943741e-06,2.497746629595999e-06,0.0005341802514517823,-1.6006097045261125e-10,4.812243851296117e-07,9.669258415244354e-08
1992,-0.0015663752459713588,0.0011666138879579731,0.0006846093426028073,0.0005417579604631705,0.0005519764802137559,0.0004539104642595276,-0.0005350789366147879,-0.00043722920414474573,-0.0003605399153105097,0.00041506269748377853,-0.0002857113891813043,-0.0003020768235427486,0.00018134721755541444,0.00011697066843885796,-7.930796795080369e-05,6.51411499381924e-05,6.002353393580012e-05,3.500718548071779e-05,-2.9450655706582006e-05,-9.523166472729397e-06,-5.898107851757869e-06,-1.3470295438531297e-05,-7.427994202463528e-05,8.051873457998442e-06,1.3238377316193586e-05,4.163775521087988e-06,2.2063630004002046e-06,-0.0001681553770936836,4.038176739071882e-06,2.0124995499144895e-06,2.003855949012014e-06
1993,-0.0009188617119143525,0.0008809537391513116,0.0005381097002666287,0.00041688642930266264,0.0004317004670526363,0.0003500866702845387,-0.0004524494272066101,-0.00039252450899022193,-0.00026047579344845237,0.00030402866588421715,-0.0002508513296573692,-0.0002838203006908075,0.00015947592058198636,9.220636692925006e-05,-7.153968213404301e-05,5.442349184307934e-05,4.25251629152417e-05,2.8736163807349972e-05,-2.4535581395837948e-05,-4.862803144896585e-06,-5.169114332852353e-07,-1.1954854418498302e-05,-7.577042521529008e-05,8.515639715997523e-06,1.8328713348923244e-05,4.298666197588203e-06,1.209818225072042e-06,-7.464687081641712e-05,1.487496926071396e-05,8.37954466371285e-06,2.6843331071348966e-06
1994,-0.0004650889603030838,0.0006354374388789384,0.00037457323251926123,0.0003038438373935493,0.0003031535875509424,0.0002571638087197929,-0.00045995661754325966,-0.00036627778462812303,-0.000294010006045807,0.0002140376746677811,-0.00023486776275083616,-0.00027403549592306146,0.00013273584081220538,6.455683893862431e-05,-6.999617812039735e-05,4.149860900526077e-05,3.284540028868809e-05,1.3296812542343945e-05,-2.570845017465747e-05,-1.9563193976152824e-06,1.3975471940497628e-07,-1.6893762102160054e-05,0.0027307022543669257,7.827601564318573e-06,2.3586475354388584e-05,3.388778892654369e-06,3.402582570662452e-07,-0.00016517650680935594,1.4560093633227307e-05,1.4751380807969706e-05,4.774927651863235e-08
1995,-0.00015146559703321425,0.0005143238659748115,0.00032459630610428116,0.0005261238194735559,0.00027497823380395357,0.000493395976042939,-0.0003526815921636832,-0.00030281507741006654,-0.00023532782131272228,0.00019401518676884656,-0.0001885281257728924,-0.00022971653893058943,0.00012007946938693984,5.857123597405008e-05,-5.892332137670813e-05,3.7116284748011426e-05,2.953967989424407e-05,1.6993592869326527e-05,-1.7343975760252504e-05,-4.449192430929045e-07,6.881764220363943e-07,-1.1302395319413199e-05,-6.326230649197342e-05,6.819107730838211e-06,2.9499219192253212e-05,2.993763813093818e-06,1.2615146111569242e-06,-9.559482431954254e-05,1.6275717304021955e-05,1.5360547897450678e-05,6.120621983134894e-07
1996,-2.316264234167374e-05,0.0004056768444949221,0.00024464609180122054,0.0003600798343437995,0.0002265732806888644,0.00033590986200285225,-0.0002929590939963287,-0.0002534149863226943,-0.00021299945129410643,0.00016452578485308747,-0.000146582725332743,-0.0001891473547871855,9.025755063722977e-05,6.805115769334218e-05,-4.9179830243609916e-05,2.9377651839434182e-05,2.505242731518022e-05,2.117612950356415e-05,-1.387880526738342e-05,-1.1882547561080711e-07,4.838770842197483e-07,-9.84585550807451e-06,-1.220946021923252e-05,5.025142182584418e-06,2.3585715802706075e-05,1.8522395224688503e-06,8.360813640514455e-07,-0.00013900035509671933,7.922112323863965e-06,7.195545024758779e-06,2.047553640084816e-06
1997,1.7486336420068224e-06,0.00032338637531268994,0.00017606762221295067,0.0002802417508600678,0.00017931082854783778,0.00026335933035781913,-0.00025584415551859526,-0.00021863089632911362,-0.0002002480585939258,0.00015506479291287198,-0.000111322599805891,-0.00014914039496869455,6.798862789537084e-05,4.040678560498481e-05,-4.0870648042433226e-05,2.4970655416134722e-05,2.4520635551524646e-05,3.0426912327397504e-05,-1.1679605937917959e-05,-8.47044357648482e-08,1.3258316929030492e-07,-8.776360313486999e-06,-1.4484993087566912e-06,3.9262385203189636e-06,2.1188162862478604e-05,8.256425000301889e-07,6.543239056415229e-07,-0.00010920066196257774,3.988725942015935e-06,2.703415108678738e-06,3.6164195106311086e-06
1998,6.337257177253548e-05,0.0002501524925032201,0.00011352393531077016,0.00020210801373007903,0.0001352667640512474,0.0001947617141120526,-0.00021085703948887317,-0.00018701710579244147,-0.0001959478391831979,0.00013658349370295505,-8.510658958792009e-05,-0.00011401785378429576,5.347327675061684e-05,2.7962354189114264e-05,-3.341780513399392e-05,1.9552237182753193e-05,2.164974970678672e-05,3.1048106410806915e-05,-1.0512394085718713e-05,9.394654752382258e-09,8.55173598211267e-08,-9.049741591827675e-06,2.2173491891515278e-07,2.339141106122791e-06,2.134689785210028e-05,3.7141773470559847e-07,4.956809834893668e-07,-1.3436320282859014e-12,4.398958668246723e-06,3.1155597083992094e-06,2.56215148457565e-06
1999,0.00020266839383096744,0.00016268705532271506,5.7475642259351796e-05,0.00013186352474224658,8.73800965244967e-05,0.0001332284387581277,-0.00016514579121090518,-0.0001615515477701075,-0.00015558333566950428,0.00010904118380384393,-6.84425354710831e-05,-8.977282550652545e-05,3.42589681061539e-05,2.0179774035974582e-05,-2.7008038718301375e-05,1.3841720060144057e-05,1.7547311433040353e-05,1.8985155868870608e-05,-9.488994527560933e-06,1.193067321766353e-07,4.340874320153321e-07,-9.489006847834152e-06,3.5567482421855224e-05,2.1430760167867607e-06,2.176798714477045e-05,2.714790380678815e-07,7.436068520219515e-07,2.796234618506873e-05,5.76881184049193e-06,1.4653079617533822e-06,6.371747799665693e-07
2000,0.00038412001561047987,9.506897558300177e-05,2.242341321444035e-05,8.257308756030163e-05,5.6298923718798915e-05,8.720205404487457e-05,-0.00011726910510823519,-0.00013036167738653516,-0.00010970956730047086,9.125993783481719e-05,-4.9535647808840824e-05,-6.256930347302205e-05,2.1147967388338983e-05,1.4182863221799929e-05,-1.9795302281972534e-05,9.366535167166596e-06,1.3749758372692193e-05,9.681682531463467e-06,-6.497730592677775e-06,4.612469480000783e-07,1.6536935365053443e-06,-7.466304149660399e-06,4.299721395256351e-06,1.987705022723158e-06,1.6729982964159066e-05,4.52511146112834e-07,1.5772081009341919e-06,-0.00023034156564481263,8.747430546972697e-06,2.504857776176086e-06,7.364213344053408e-07
2001,0.0005757810404576455,4.414212574901932e-05,2.7478526075189213e-06,4.419552844550298e-05,3.275754748944854e-05,4.982734085736177e-05,-8.785773101360446e-05,-9.785342767714366e-05,-6.963503911228521e-05,5.616855792451919e-05,-3.1426760040183005e-05,-4.123415482946405e-05,1.0095261013633346e-05,8.421284377236297e-06,-1.2968495846161197e-05,5.083554594060378e-06,8.745925936382606e-06,2.1971822342963985e-05,-3.0418505344618845e-06,4.414887182171181e-09,3.278439344733735e-06,-4.641288601041663e-06,-7.620508500872384e-05,1.485187055773252e-06,6.055261936846056e-06,4.1887456340994073e-07,2.084479921649312e-06,-3.8128266694266346e-05,7.541027915028024e-06,3.171323219642512e-06,3.4528519871575617e-07
2002,0.0007327357113572734,9.283561600457774e-06,-8.684895393268604e-07,1.6877174855040164e-05,1.5778922208692587e-05,2.266696583941893e-05,-6.264476749687177e-05,-7.04480817886765e-05,-3.233669727508749e-05,2.6196101086143394e-05,-1.6029346123372238e-05,-2.4567537962688797e-05,1.9328208673454047e-06,3.074974885679797e-06,-7.48537726304795e-06,1.3534618820434886e-06,3.6279860878128017e-06,2.6204862265992814e-05,-8.788055310691219e-07,-4.301369833359709e-07,4.872470133918778e-06,-2.4853981280199594e-06,-8.184172180247497e-05,7.022041394592576e-07,1.5353864512748891e-06,3.3980920666107814e-07,2.0768355217852747e-06,-0.00023327135106364447,1.0993897136009085e-05,5.558432753074996e-06,3.727621636515565e-08
2003,0.0008714754181114222,-3.154394604848882e-08,-8.621816557362522e-06,-2.510425978001382e-05,7.665339286166886e-06,-2.0403707197909284e-05,-3.2079759773460254e-05,-4.3666449615948895e-05,-1.1849108365414272e-05,8.948480184323778e-06,-6.0797576124106125e-06,-1.1650919463401235e-05,-5.076230508438011e-08,1.6155723918200759e-06,-3.674487278488561e-06,6.981497656791257e-08,9.314908892367184e-07,4.5520318538403944e-05,4.435916804238898e-09,-1.5920442857822838e-06,6.780483920069719e-06,-5.78870012151074e-07,-6.490560757049064e-05,5.964729284747689e-07,1.4645916155911097e-06,4.130519472992836e-07,3.0013066159107285e-06,-1.8776618960695968e-05,2.9590702344374302e-06,7.510390741227014e-06,-8.318016997920213e-08
2004,0.0009436095835455224,-1.3476613901858715e-05,-2.6728432485489863e-05,-5.454910047574446e-05,2.2071587996499173e-06,-4.513864927618269e-05,-1.4275951102820207e-05,-2.2942816914737433e-05,-1.48933885123991e-05,7.86705199841592e-09,-2.703652272858587e-06,-5.488463878264955e-06,-1.7894826739246929e-06,2.9886635817513756e-07,-1.8040478009095234e-06,-3.934888485114155e-08,1.2160715670239778e-07,4.314239793714485e-05,3.3671269461487666e-07,-2.0174268333972447e-06,7.426466117210848e-06,-3.062043924140657e-07,-6.799438981213422e-05,1.0656267616292985e-07,1.6889367284795209e-06,5.341687658287506e-07,4.028388584885619e-06,0.001000832877999033,1.0407297509673808e-06,2.4685910611720765e-06,-2.875671114060214e-06
2005,0.0008883310504816024,-3.3752731252891096e-05,-4.0992596823824414e-05,-8.566848969038547e-05,-2.2145965556076227e-09,-7.277610953964632e-05,-1.926796893512246e-06,-7.901215450137919e-06,-1.4017133829953045e-06,-2.4753727804946435e-06,-5.189461230803944e-10,-3.1750248328838056e-07,-4.486623164224647e-06,3.5539431808622875e-08,-1.5501811483207398e-07,-7.373913878918157e-08,6.718721312989595e-09,2.503510865178697e-05,2.8263055947344573e-06,-7.306084809234655e-07,7.6246470324737355e-06,2.763538773625486e-07,-0.00011895455599356266,9.13878075697347e-08,2.147133401717927e-06,5.70736145185211e-07,4.938771053811415e-06,7.626267272395224e-05,1.3026100003074839e-07,3.150956187384915e-06,-3.1047281467564618e-06
2006,0.0007399274815046565,-3.846594175366193e-05,-5.255178105632559e-05,-0.00011119879724763864,-9.420400972220977e-07,-9.723100430429827e-05,4.6614427241421113e-07,-1.2617288498621915e-07,-2.061821818526838e-07,-8.673620017643621e-06,1.8687230993683632e-06,1.4105667439972744e-06,-1.1269613315873379e-05,6.709037620063626e-10,2.2741815210122502e-07,-6.181023049286615e-07,-1.7689232445498423e-07,2.78407218353273e-05,5.051531920268035e-06,-4.985586353095276e-07,5.21935830702403e-06,1.4426339432891029e-06,-5.4358159916347265e-05,-1.5883345685958798e-08,7.237139655924573e-07,1.4120131705975736e-07,5.561610868369299e-06,-0.0001004891143400544,-8.656459730250972e-08,9.020224544176579e-07,-3.827271914098418e-06
2007,0.0005091426171806948,-5.934116098980707e-05,-7.152957081054973e-05,-0.00014688114362540743,-6.431737277545757e-06,-0.00013082388155435042,1.0311406041042847e-05,3.826115183558777e-06,1.3626049314711041e-06,-2.0247765164859463e-05,6.4420204047418105e-06,8.008818120744702e-06,-1.8174821897588486e-05,-4.300708653127305e-07,1.88637110843439e-06,-2.3867513872043015e-06,-1.6006748479710959e-06,2.5970057809565563e-05,7.654656263012091e-06,-3.8410322758002636e-07,2.923631174324095e-06,2.956484293406569e-06,-6.597606670711372e-05,-1.9863691181327175e-07,-5.04551151539835e-11,4.918110524165157e-09,6.621017286401697e-06,-0.00013564061086972283,-1.0616744850884633e-06,-5.926746843308514e-08,-3.6997503360829457e-06
2008,0.0002697585375321136,-0.00010206845399530345,-0.00010390381251159818,-0.0001894692494041933,-2.492445407029759e-05,-0.0001715931802836882,2.3692775493161728e-05,1.3965851416918148e-05,6.887386505683053e-06,-4.2652727833662816e-05,1.1809150602697896e-05,1.7410825831422816e-05,-2.95866686574725e-05,-4.186406549511494e-06,4.7266477162384005e-06,-5.609576804447406e-06,-4.838753769844214e-06,1.5350098308535053e-05,8.284782951317336e-06,-3.747638709534802e-07,1.1064429000086934e-06,3.0188643876346882e-06,-9.652683129023472e-05,-8.769589492077368e-07,-1.021637041855481e-06,-1.2131365308854065e-08,5.3428260368941906e-06,0.0009249356796074295,-1.5871634937135866e-06,-8.621832682652076e-07,-3.7844818817357436e-06
2009,0.0001333614239436003,-0.00015862626678448451,-0.00012016148174947942,-0.00022334585464534886,-3.759868084357901e-05,-0.00020261526987610883,7.338651883754274e-05,4.285039366095744e-05,3.525141333920578e-05,-6.947038340068389e-05,2.3480033050732384e-05,3.707770309038891e-05,-3.810313839574999e-05,-6.621811761562107e-06,1.0024882002716221e-05,-9.613557159339177e-06,-6.362515650483675e-06,1.0387230840202145e-05,1.0035499563255598e-05,-2.9873357464131514e-07,1.9896526300793163e-07,4.481490149897368e-06,-6.702306679600046e-05,-1.4760839781160573e-06,-2.463960502653589e-06,-3.688123203096511e-08,6.065150903529558e-06,-0.00020291763919913212,-1.2023578220132233e-06,-2.5863091572704206e-06,-3.419113580972917e-06
2010,4.0096426856926206e-05,-0.0002417157380202985,-0.00016707280260625174,-0.000236235913231351,-7.876160152901638e-05,-0.0002126543881682579,0.0001029993851443642,7.230185303948962e-05,6.064323469793815e-05,-0.00012395756339341553,2.9964745895127726e-05,5.410940116690394e-05,-5.1522746329471015e-05,-1.5861788414336464e-05,1.4531827020978312e-05,-1.49245749951896e-05,-1.1347786288627075e-05,4.518782286842306e-06,8.885447102924813e-06,-2.6795721860092185e-07,-2.7208518846993257e-08,3.6343829059975173e-06,-0.00015348552865209787,-2.4858921633388664e-06,-4.9250586497019005e-06,-1.8626156846225102e-07,2.5813371731372103e-06,0.0009520466644255543,-3.965578744240527e-06,-6.251724809351689e-07,-6.967194655004656e-06
2011,4.581920635944245e-06,-0.00027726867276272726,-0.00018422345376855947,-0.0002621826022087797,-0.00011240958964280805,-0.00023842262828151662,0.00017056135077000382,0.00012107170048982689,0.00011728674022250859,-0.0001646450893530065,5.277167781797998e-05,8.802205441298875e-05,-6.819077048197616e-05,-2.9822710213171734e-05,2.261006384184078e-05,-1.9412394204533582e-05,-1.5893705033242974e-05,-2.3043742142853563e-07,1.1665692617207624e-05,-7.006321085417992e-08,-3.555620531299212e-07,6.962488047492833e-06,-0.00010679744597024858,-3.4919948470294202e-06,-7.285495782337922e-06,-5.466207117578898e-07,1.0627928335648295e-06,-3.3643489081812406e-05,-5.360036831575431e-06,-6.655626307687526e-06,-2.845135976797873e-06
2012,-7.092388076875803e-06,-0.0003966856837724431,-0.0001956871298719352,-0.00032580345241898655,-0.00015964679052376304,-0.000302682010926062,0.00023559967889131596,0.0001759347590958799,0.00016982914982201485,-0.00018994900663134632,8.30660417026534e-05,0.00012058521856123387,-8.093845475202587e-05,-4.823264472513704e-05,3.1329008634951286e-05,-2.3392483910748558e-05,-2.5224380730732437e-05,-2.2594967067469853e-05,1.1857610907876903e-05,-8.680037142620573e-11,-9.61785183301576e-07,7.926599677489528e-06,-1.2979699703700943e-07,-4.929326513714388e-06,-1.2846683153055398e-05,-1.233558567433639e-06,1.74933318821847e-08,-0.00023772908122137845,-4.4200664362124766e-06,-7.2208034271983076e-06,-2.224546904868287e-06
2013,-5.031654569383258e-05,-0.0005065642372872629,-0.00020166524773847574,-0.0003604918302492579,-0.00021966118091660452,-0.00033527751835730297,0.0002935200703971276,0.00023450556235725308,0.00022657065719647578,-0.0002186662669351109,0.00011756515740836936,0.00015917882692862155,-0.00010403691429071752,-6.918991242858428e-05,4.2421966167464345e-05,-3.626866135897781e-05,-3.2181534855423456e-05,-7.694803613261878e-05,1.0444679592250933e-05,3.3797945333122534e-07,-1.4803774332472193e-06,8.852980142208555e-06,1.5881792008599064e-07,-5.758839941152216e-06,-2.216859708992089e-05,-2.030875307572706e-06,-2.3912183158814027e-06,-5.786626236905994e-05,-6.486702347648836e-06,-1.0774682386914595e-05,-3.3647975954611436e-07
2014,-0.00011061859827163952,-0.0006663330045162388,-0.00022523396955268166,-0.0003979345321829266,-0.0003185580136955608,-0.0003713550979717751,0.000369622306564581,0.00030265878818497034,0.0002804928486526137,-0.0002525616818160295,0.00015992460196148205,0.00019481806387961105,-0.0001291172069501803,-9.087875543779724e-05,5.3360653096225284e-05,-5.3295412761289744e-05,-4.822740822925663e-05,-0.0001210946724783332,8.950708354558685e-06,1.8565995314107672e-06,-1.7079617662520228e-06,8.75356281743872e-06,0.00012153249334294694,-8.042899041594415e-06,-3.351367483792099e-05,-3.5217653938613775e-06,-8.753998966978219e-06,-0.00026830456706848876,-9.038749643157124e-06,-1.2700920373634304e-05,-2.785207352484732e-09
2015,-0.0001877739560935982,-0.0008292942437265602,-0.00025742421117420445,-0.0004384876044983095,-0.00044131785324112195,-0.00040890089929674473,0.0004578363815399807,0.000368278941205349,0.0003745456967449885,-0.0003267357831222722,0.00020118075344346107,0.0002333157614432574,-0.00014877996839473477,-0.00012790133834192244,6.167693495858623e-05,-6.892491330111686e-05,-6.527177713724864e-05,-0.00017085486082777193,1.081126515341046e-05,5.177575885771329e-06,-1.867100456342044e-06,1.1983295384157479e-05,6.115513674923186e-05,-9.290900950967477e-06,-4.244031221087904e-05,-5.182768300462251e-06,-1.9151630723249148e-05,-0.00015025641869299621,-1.0024808701642162e-05,-8.721827481246379e-06,-1.7805646395482655e-08
2016,-0.00026268953205033584,-0.000978296275317445,-0.00030741443760094744,-0.00047707108526580605,-0.0006337357005488185,-0.0004452751461022071,0.0005607708311540643,0.00045549513841091965,0.00046116844938401923,-0.00038523402229118835,0.0002520655837226185,0.0002759354378303949,-0.00017166264098142858,-0.00015210148300545505,7.164386203680569e-05,-8.573755404642734e-05,-7.981793012213414e-05,-0.0002736156205475817,1.2977486506860739e-05,1.1740462427530478e-05,-1.9301033376247292e-06,1.55968708218905e-05,4.651899651273133e-05,-1.0798476286471594e-05,-4.8492984220489745e-05,-6.983450405678463e-06,-2.9087454110431673e-05,-0.0002479672804831818,-1.4966908676061362e-05,-1.7419660787235615e-05,1.1695657776928997e-07
2017,-0.0003846578931014895,-0.0010411960277349483,-0.00037532350542926647,-0.0005169858298770336,-0.0008598306384693128,-0.00048412274081244136,0.0006658605404643997,0.0005524465227906084,0.0005465989632803554,-0.0004461632421810151,0.0002997872241734989,0.0003013908246724353,-0.00020077340264230178,-0.00019229676351128762,8.17613801605909e-05,-9.715703462527813e-05,-9.506080678546862e-05,-0.0003677015576261939,1.6624536911374974e-05,1.7580676914824464e-05,-2.2864219800557817e-06,2.1091360974574008e-05,3.588647321582777e-06,-1.2759990978179715e-05,-5.403414789359299e-05,-9.544311614329923e-06,-3.876628092350004e-05,-0.00018013487334351026,-1.4221367530269915e-05,-2.126237089931293e-05,1.056108443224979e-06
2018,-0.0005621345723316891,-0.001280838657799886,-0.0004297829071348534,-0.0005858179767940241,-0.0011204994379020684,-0.0005502414553480892,0.000792132488337682,0.0006370115280045574,0.0006640685922023343,-0.000549477236729286,0.00034427844214271084,0.0003311575722092829,-0.0002178192348517837,-0.00023293940173202865,9.489363323252043e-05,-0.00010835995361237161,-0.00010535059530649381,-0.0003876884685359964,1.7134990670384623e-05,2.2131305636310825e-05,-2.0608513590027498e-06,2.1673606059078514e-05,-9.286274483025764e-06,-1.2866387582998216e-05,-5.319054655778487e-05,-1.1983752001834268e-05,-4.518875452726276e-05,-0.0002128681851283786,-1.6945760675204067e-05,-2.2939551314871053e-05,4.412943634687124e-06
2019,-0.0006937097624866249,-0.0015087213555670474,-0.00047892282211999416,-0.00064550370235313,-0.0013877767750076668,-0.0006064454276726579,0.0009364594979419973,0.0007080584802438366,0.0007778402755729084,-0.00066089356967329,0.00038687607701047176,0.00036162216790956324,-0.00024214066886742115,-0.0002667357195646049,0.00010648171255260575,-0.00012093805517080067,-0.00011831374250726595,-0.0003798262351901475,1.7262885816865048e-05,2.7236512235617077e-05,-2.058014187006509e-06,2.2328955271879673e-05,-0.00013005614194699032,-1.430509274781799e-05,-6.080856613022319e-05,-1.4707095729052025e-05,-5.8565911220981814e-05,-0.00030382674799311535,-2.7761300965218033e-05,-2.165802994481597e-05,8.786391370958963e-06
